timeStamp,elapsed,label,responseCode,responseMessage,threadName,dataType,success,failureMessage,bytes,sentBytes,grpThreads,allThreads,URL,Latency,IdleTime,Connect
1648542593151,2543,GetById,200,OK,Web Service Employee 1-1,text,true,,155,347,2,2,https://localhost:5001/api/Employee/GetEmployeeById?Id=1,2531,0,2474
1648542594443,1250,GetById,200,OK,Web Service Employee 1-2,text,true,,155,347,2,2,https://localhost:5001/api/Employee/GetEmployeeById?Id=1,1239,0,1181
1648542595701,15,GetDetails,200,OK,Web Service Employee 1-2,text,true,,200,350,2,2,https://localhost:5001/api/Employee/GetEmployeeDetails?Id=1,13,0,0
1648542595702,24,GetDetails,200,OK,Web Service Employee 1-1,text,true,,200,350,2,2,https://localhost:5001/api/Employee/GetEmployeeDetails?Id=1,24,0,0
1648542595718,13,GetById,200,OK,Web Service Employee 1-2,text,true,,155,347,2,2,https://localhost:5001/api/Employee/GetEmployeeById?Id=1,13,0,0
1648542595733,10,GetDetails,200,OK,Web Service Employee 1-2,text,true,,200,350,2,2,https://localhost:5001/api/Employee/GetEmployeeDetails?Id=1,9,0,0
1648542595727,22,GetById,200,OK,Web Service Employee 1-1,text,true,,155,347,2,2,https://localhost:5001/api/Employee/GetEmployeeById?Id=1,21,0,0
1648542595744,14,GetById,200,OK,Web Service Employee 1-2,text,true,,155,347,2,2,https://localhost:5001/api/Employee/GetEmployeeById?Id=1,14,0,0
1648542595750,18,GetDetails,200,OK,Web Service Employee 1-1,text,true,,200,350,2,2,https://localhost:5001/api/Employee/GetEmployeeDetails?Id=1,18,0,0
1648542595759,9,GetDetails,200,OK,Web Service Employee 1-2,text,true,,200,350,2,2,https://localhost:5001/api/Employee/GetEmployeeDetails?Id=1,9,0,0
1648542595769,13,GetById,200,OK,Web Service Employee 1-1,text,true,,155,347,2,2,https://localhost:5001/api/Employee/GetEmployeeById?Id=1,12,0,0
1648542595773,16,GetById,200,OK,Web Service Employee 1-2,text,true,,155,347,2,2,https://localhost:5001/api/Employee/GetEmployeeById?Id=1,16,0,0
1648542595785,16,GetDetails,200,OK,Web Service Employee 1-1,text,true,,200,350,2,2,https://localhost:5001/api/Employee/GetEmployeeDetails?Id=1,13,0,0
1648542595792,20,GetDetails,200,OK,Web Service Employee 1-2,text,true,,200,350,2,2,https://localhost:5001/api/Employee/GetEmployeeDetails?Id=1,20,0,0
1648542595802,29,GetById,200,OK,Web Service Employee 1-1,text,true,,155,347,2,2,https://localhost:5001/api/Employee/GetEmployeeById?Id=1,29,0,0
1648542595835,5,GetDetails,200,OK,Web Service Employee 1-1,text,true,,200,350,2,2,https://localhost:5001/api/Employee/GetEmployeeDetails?Id=1,5,0,0
1648542595815,31,GetById,200,OK,Web Service Employee 1-2,text,true,,155,347,2,2,https://localhost:5001/api/Employee/GetEmployeeById?Id=1,31,0,0
1648542595841,11,GetById,200,OK,Web Service Employee 1-1,text,true,,155,347,2,2,https://localhost:5001/api/Employee/GetEmployeeById?Id=1,11,0,0
1648542595854,6,GetDetails,200,OK,Web Service Employee 1-1,text,true,,200,350,2,2,https://localhost:5001/api/Employee/GetEmployeeDetails?Id=1,5,0,0
1648542595847,12,GetDetails,200,OK,Web Service Employee 1-2,text,true,,200,350,2,2,https://localhost:5001/api/Employee/GetEmployeeDetails?Id=1,11,0,0
1648542595860,10,GetById,200,OK,Web Service Employee 1-1,text,true,,155,347,2,2,https://localhost:5001/api/Employee/GetEmployeeById?Id=1,10,0,0
1648542595862,9,GetById,200,OK,Web Service Employee 1-2,text,true,,155,347,2,2,https://localhost:5001/api/Employee/GetEmployeeById?Id=1,9,0,0
1648542595871,9,GetDetails,200,OK,Web Service Employee 1-1,text,true,,200,350,2,2,https://localhost:5001/api/Employee/GetEmployeeDetails?Id=1,8,0,0
1648542595872,32,GetDetails,200,OK,Web Service Employee 1-2,text,true,,200,350,1,1,https://localhost:5001/api/Employee/GetEmployeeDetails?Id=1,31,0,0
1648542596436,203,GetById,200,OK,Web Service Employee 1-3,text,true,,155,347,1,1,https://localhost:5001/api/Employee/GetEmployeeById?Id=1,202,0,179
1648542596640,5,GetDetails,200,OK,Web Service Employee 1-3,text,true,,200,350,1,1,https://localhost:5001/api/Employee/GetEmployeeDetails?Id=1,4,0,0
1648542596645,5,GetById,200,OK,Web Service Employee 1-3,text,true,,155,347,1,1,https://localhost:5001/api/Employee/GetEmployeeById?Id=1,4,0,0
1648542596651,9,GetDetails,200,OK,Web Service Employee 1-3,text,true,,200,350,1,1,https://localhost:5001/api/Employee/GetEmployeeDetails?Id=1,9,0,0
1648542596661,11,GetById,200,OK,Web Service Employee 1-3,text,true,,155,347,1,1,https://localhost:5001/api/Employee/GetEmployeeById?Id=1,10,0,0
1648542596673,5,GetDetails,200,OK,Web Service Employee 1-3,text,true,,200,350,1,1,https://localhost:5001/api/Employee/GetEmployeeDetails?Id=1,5,0,0
1648542596679,12,GetById,200,OK,Web Service Employee 1-3,text,true,,155,347,1,1,https://localhost:5001/api/Employee/GetEmployeeById?Id=1,12,0,0
1648542596693,13,GetDetails,200,OK,Web Service Employee 1-3,text,true,,200,350,1,1,https://localhost:5001/api/Employee/GetEmployeeDetails?Id=1,11,0,0
1648542596708,6,GetById,200,OK,Web Service Employee 1-3,text,true,,155,347,1,1,https://localhost:5001/api/Employee/GetEmployeeById?Id=1,6,0,0
1648542596719,11,GetDetails,200,OK,Web Service Employee 1-3,text,true,,200,350,1,1,https://localhost:5001/api/Employee/GetEmployeeDetails?Id=1,10,0,0
1648542596731,10,GetById,200,OK,Web Service Employee 1-3,text,true,,155,347,1,1,https://localhost:5001/api/Employee/GetEmployeeById?Id=1,10,0,0
1648542596742,9,GetDetails,200,OK,Web Service Employee 1-3,text,true,,200,350,1,1,https://localhost:5001/api/Employee/GetEmployeeDetails?Id=1,9,0,0
1648542598495,540,GetById,200,OK,Web Service Employee 1-4,text,true,,155,347,1,1,https://localhost:5001/api/Employee/GetEmployeeById?Id=1,539,0,374
1648542599036,31,GetDetails,200,OK,Web Service Employee 1-4,text,true,,200,350,1,1,https://localhost:5001/api/Employee/GetEmployeeDetails?Id=1,30,0,0
1648542599068,23,GetById,200,OK,Web Service Employee 1-4,text,true,,155,347,1,1,https://localhost:5001/api/Employee/GetEmployeeById?Id=1,22,0,0
1648542599092,40,GetDetails,200,OK,Web Service Employee 1-4,text,true,,200,350,1,1,https://localhost:5001/api/Employee/GetEmployeeDetails?Id=1,40,0,0
1648542599133,25,GetById,200,OK,Web Service Employee 1-4,text,true,,155,347,1,1,https://localhost:5001/api/Employee/GetEmployeeById?Id=1,24,0,0
1648542599159,12,GetDetails,200,OK,Web Service Employee 1-4,text,true,,200,350,1,1,https://localhost:5001/api/Employee/GetEmployeeDetails?Id=1,12,0,0
1648542599172,21,GetById,200,OK,Web Service Employee 1-4,text,true,,155,347,1,1,https://localhost:5001/api/Employee/GetEmployeeById?Id=1,21,0,0
1648542599194,15,GetDetails,200,OK,Web Service Employee 1-4,text,true,,200,350,1,1,https://localhost:5001/api/Employee/GetEmployeeDetails?Id=1,15,0,0
1648542599210,8,GetById,200,OK,Web Service Employee 1-4,text,true,,155,347,1,1,https://localhost:5001/api/Employee/GetEmployeeById?Id=1,7,0,0
1648542599219,8,GetDetails,200,OK,Web Service Employee 1-4,text,true,,200,350,1,1,https://localhost:5001/api/Employee/GetEmployeeDetails?Id=1,8,0,0
1648542599228,4,GetById,200,OK,Web Service Employee 1-4,text,true,,155,347,1,1,https://localhost:5001/api/Employee/GetEmployeeById?Id=1,4,0,0
1648542599233,22,GetDetails,200,OK,Web Service Employee 1-4,text,true,,200,350,1,1,https://localhost:5001/api/Employee/GetEmployeeDetails?Id=1,22,0,0
1648542600492,69,GetById,200,OK,Web Service Employee 1-5,text,true,,155,347,1,1,https://localhost:5001/api/Employee/GetEmployeeById?Id=1,69,0,65
1648542600566,12,GetDetails,200,OK,Web Service Employee 1-5,text,true,,200,350,1,1,https://localhost:5001/api/Employee/GetEmployeeDetails?Id=1,11,0,0
1648542600578,6,GetById,200,OK,Web Service Employee 1-5,text,true,,155,347,1,1,https://localhost:5001/api/Employee/GetEmployeeById?Id=1,6,0,0
1648542600585,6,GetDetails,200,OK,Web Service Employee 1-5,text,true,,200,350,1,1,https://localhost:5001/api/Employee/GetEmployeeDetails?Id=1,6,0,0
1648542600592,5,GetById,200,OK,Web Service Employee 1-5,text,true,,155,347,1,1,https://localhost:5001/api/Employee/GetEmployeeById?Id=1,4,0,0
1648542600598,7,GetDetails,200,OK,Web Service Employee 1-5,text,true,,200,350,1,1,https://localhost:5001/api/Employee/GetEmployeeDetails?Id=1,7,0,0
1648542600606,5,GetById,200,OK,Web Service Employee 1-5,text,true,,155,347,1,1,https://localhost:5001/api/Employee/GetEmployeeById?Id=1,5,0,0
1648542600612,4,GetDetails,200,OK,Web Service Employee 1-5,text,true,,200,350,1,1,https://localhost:5001/api/Employee/GetEmployeeDetails?Id=1,4,0,0
1648542600617,6,GetById,200,OK,Web Service Employee 1-5,text,true,,155,347,1,1,https://localhost:5001/api/Employee/GetEmployeeById?Id=1,6,0,0
1648542600624,5,GetDetails,200,OK,Web Service Employee 1-5,text,true,,200,350,1,1,https://localhost:5001/api/Employee/GetEmployeeDetails?Id=1,4,0,0
1648542600629,5,GetById,200,OK,Web Service Employee 1-5,text,true,,155,347,1,1,https://localhost:5001/api/Employee/GetEmployeeById?Id=1,5,0,0
1648542600638,8,GetDetails,200,OK,Web Service Employee 1-5,text,true,,200,350,1,1,https://localhost:5001/api/Employee/GetEmployeeDetails?Id=1,8,0,0
1648542602434,49,GetById,200,OK,Web Service Employee 1-6,text,true,,155,347,1,1,https://localhost:5001/api/Employee/GetEmployeeById?Id=1,48,0,45
1648542602485,5,GetDetails,200,OK,Web Service Employee 1-6,text,true,,200,350,1,1,https://localhost:5001/api/Employee/GetEmployeeDetails?Id=1,5,0,0
1648542602491,6,GetById,200,OK,Web Service Employee 1-6,text,true,,155,347,1,1,https://localhost:5001/api/Employee/GetEmployeeById?Id=1,6,0,0
1648542602498,8,GetDetails,200,OK,Web Service Employee 1-6,text,true,,200,350,1,1,https://localhost:5001/api/Employee/GetEmployeeDetails?Id=1,7,0,0
1648542602506,6,GetById,200,OK,Web Service Employee 1-6,text,true,,155,347,1,1,https://localhost:5001/api/Employee/GetEmployeeById?Id=1,5,0,0
1648542602512,8,GetDetails,200,OK,Web Service Employee 1-6,text,true,,200,350,1,1,https://localhost:5001/api/Employee/GetEmployeeDetails?Id=1,5,0,0
1648542602521,5,GetById,200,OK,Web Service Employee 1-6,text,true,,155,347,1,1,https://localhost:5001/api/Employee/GetEmployeeById?Id=1,5,0,0
1648542602527,7,GetDetails,200,OK,Web Service Employee 1-6,text,true,,200,350,1,1,https://localhost:5001/api/Employee/GetEmployeeDetails?Id=1,7,0,0
1648542602537,5,GetById,200,OK,Web Service Employee 1-6,text,true,,155,347,1,1,https://localhost:5001/api/Employee/GetEmployeeById?Id=1,5,0,0
1648542602542,4,GetDetails,200,OK,Web Service Employee 1-6,text,true,,200,350,1,1,https://localhost:5001/api/Employee/GetEmployeeDetails?Id=1,4,0,0
1648542602548,5,GetById,200,OK,Web Service Employee 1-6,text,true,,155,347,1,1,https://localhost:5001/api/Employee/GetEmployeeById?Id=1,5,0,0
1648542602554,4,GetDetails,200,OK,Web Service Employee 1-6,text,true,,200,350,1,1,https://localhost:5001/api/Employee/GetEmployeeDetails?Id=1,3,0,0
1648542604481,53,GetById,200,OK,Web Service Employee 1-7,text,true,,155,347,1,1,https://localhost:5001/api/Employee/GetEmployeeById?Id=1,53,0,48
1648542604535,4,GetDetails,200,OK,Web Service Employee 1-7,text,true,,200,350,1,1,https://localhost:5001/api/Employee/GetEmployeeDetails?Id=1,3,0,0
1648542604539,8,GetById,200,OK,Web Service Employee 1-7,text,true,,155,347,1,1,https://localhost:5001/api/Employee/GetEmployeeById?Id=1,8,0,0
1648542604548,7,GetDetails,200,OK,Web Service Employee 1-7,text,true,,200,350,1,1,https://localhost:5001/api/Employee/GetEmployeeDetails?Id=1,6,0,0
1648542604555,9,GetById,200,OK,Web Service Employee 1-7,text,true,,155,347,1,1,https://localhost:5001/api/Employee/GetEmployeeById?Id=1,9,0,0
1648542604565,8,GetDetails,200,OK,Web Service Employee 1-7,text,true,,200,350,1,1,https://localhost:5001/api/Employee/GetEmployeeDetails?Id=1,7,0,0
1648542604574,8,GetById,200,OK,Web Service Employee 1-7,text,true,,155,347,1,1,https://localhost:5001/api/Employee/GetEmployeeById?Id=1,8,0,0
1648542604583,5,GetDetails,200,OK,Web Service Employee 1-7,text,true,,200,350,1,1,https://localhost:5001/api/Employee/GetEmployeeDetails?Id=1,5,0,0
1648542604589,7,GetById,200,OK,Web Service Employee 1-7,text,true,,155,347,1,1,https://localhost:5001/api/Employee/GetEmployeeById?Id=1,6,0,0
1648542604597,4,GetDetails,200,OK,Web Service Employee 1-7,text,true,,200,350,1,1,https://localhost:5001/api/Employee/GetEmployeeDetails?Id=1,3,0,0
1648542604602,6,GetById,200,OK,Web Service Employee 1-7,text,true,,155,347,1,1,https://localhost:5001/api/Employee/GetEmployeeById?Id=1,4,0,0
1648542604609,13,GetDetails,200,OK,Web Service Employee 1-7,text,true,,200,350,1,1,https://localhost:5001/api/Employee/GetEmployeeDetails?Id=1,13,0,0
1648542606480,45,GetById,200,OK,Web Service Employee 1-8,text,true,,155,347,1,1,https://localhost:5001/api/Employee/GetEmployeeById?Id=1,45,0,38
1648542606526,6,GetDetails,200,OK,Web Service Employee 1-8,text,true,,200,350,1,1,https://localhost:5001/api/Employee/GetEmployeeDetails?Id=1,6,0,0
1648542606533,12,GetById,200,OK,Web Service Employee 1-8,text,true,,155,347,1,1,https://localhost:5001/api/Employee/GetEmployeeById?Id=1,11,0,0
1648542606545,5,GetDetails,200,OK,Web Service Employee 1-8,text,true,,200,350,1,1,https://localhost:5001/api/Employee/GetEmployeeDetails?Id=1,5,0,0
1648542606554,4,GetById,200,OK,Web Service Employee 1-8,text,true,,155,347,1,1,https://localhost:5001/api/Employee/GetEmployeeById?Id=1,4,0,0
1648542606559,4,GetDetails,200,OK,Web Service Employee 1-8,text,true,,200,350,1,1,https://localhost:5001/api/Employee/GetEmployeeDetails?Id=1,3,0,0
1648542606563,4,GetById,200,OK,Web Service Employee 1-8,text,true,,155,347,1,1,https://localhost:5001/api/Employee/GetEmployeeById?Id=1,4,0,0
1648542606569,8,GetDetails,200,OK,Web Service Employee 1-8,text,true,,200,350,1,1,https://localhost:5001/api/Employee/GetEmployeeDetails?Id=1,8,0,0
1648542606578,4,GetById,200,OK,Web Service Employee 1-8,text,true,,155,347,1,1,https://localhost:5001/api/Employee/GetEmployeeById?Id=1,4,0,0
1648542606583,8,GetDetails,200,OK,Web Service Employee 1-8,text,true,,200,350,1,1,https://localhost:5001/api/Employee/GetEmployeeDetails?Id=1,7,0,0
1648542606591,4,GetById,200,OK,Web Service Employee 1-8,text,true,,155,347,1,1,https://localhost:5001/api/Employee/GetEmployeeById?Id=1,4,0,0
1648542606596,8,GetDetails,200,OK,Web Service Employee 1-8,text,true,,200,350,1,1,https://localhost:5001/api/Employee/GetEmployeeDetails?Id=1,8,0,0
1648542608477,72,GetById,200,OK,Web Service Employee 1-9,text,true,,155,347,1,1,https://localhost:5001/api/Employee/GetEmployeeById?Id=1,71,0,63
1648542608550,9,GetDetails,200,OK,Web Service Employee 1-9,text,true,,200,350,1,1,https://localhost:5001/api/Employee/GetEmployeeDetails?Id=1,9,0,0
1648542608560,9,GetById,200,OK,Web Service Employee 1-9,text,true,,155,347,1,1,https://localhost:5001/api/Employee/GetEmployeeById?Id=1,7,0,0
1648542608569,16,GetDetails,200,OK,Web Service Employee 1-9,text,true,,200,350,1,1,https://localhost:5001/api/Employee/GetEmployeeDetails?Id=1,15,0,0
1648542608585,25,GetById,200,OK,Web Service Employee 1-9,text,true,,155,347,1,1,https://localhost:5001/api/Employee/GetEmployeeById?Id=1,25,0,0
1648542608612,32,GetDetails,200,OK,Web Service Employee 1-9,text,true,,200,350,1,1,https://localhost:5001/api/Employee/GetEmployeeDetails?Id=1,32,0,0
1648542608646,35,GetById,200,OK,Web Service Employee 1-9,text,true,,155,347,1,1,https://localhost:5001/api/Employee/GetEmployeeById?Id=1,34,0,0
1648542608681,99,GetDetails,200,OK,Web Service Employee 1-9,text,true,,200,350,1,1,https://localhost:5001/api/Employee/GetEmployeeDetails?Id=1,99,0,0
1648542608781,16,GetById,200,OK,Web Service Employee 1-9,text,true,,155,347,1,1,https://localhost:5001/api/Employee/GetEmployeeById?Id=1,16,0,0
1648542608798,10,GetDetails,200,OK,Web Service Employee 1-9,text,true,,200,350,1,1,https://localhost:5001/api/Employee/GetEmployeeDetails?Id=1,10,0,0
1648542608808,4,GetById,200,OK,Web Service Employee 1-9,text,true,,155,347,1,1,https://localhost:5001/api/Employee/GetEmployeeById?Id=1,4,0,0
1648542608813,4,GetDetails,200,OK,Web Service Employee 1-9,text,true,,200,350,1,1,https://localhost:5001/api/Employee/GetEmployeeDetails?Id=1,3,0,0
1648542610459,46,GetById,200,OK,Web Service Employee 1-10,text,true,,155,347,1,1,https://localhost:5001/api/Employee/GetEmployeeById?Id=1,46,0,39
1648542610506,4,GetDetails,200,OK,Web Service Employee 1-10,text,true,,200,350,1,1,https://localhost:5001/api/Employee/GetEmployeeDetails?Id=1,4,0,0
1648542610510,4,GetById,200,OK,Web Service Employee 1-10,text,true,,155,347,1,1,https://localhost:5001/api/Employee/GetEmployeeById?Id=1,4,0,0
1648542610516,6,GetDetails,200,OK,Web Service Employee 1-10,text,true,,200,350,1,1,https://localhost:5001/api/Employee/GetEmployeeDetails?Id=1,5,0,0
1648542610522,6,GetById,200,OK,Web Service Employee 1-10,text,true,,155,347,1,1,https://localhost:5001/api/Employee/GetEmployeeById?Id=1,5,0,0
1648542610528,7,GetDetails,200,OK,Web Service Employee 1-10,text,true,,200,350,1,1,https://localhost:5001/api/Employee/GetEmployeeDetails?Id=1,6,0,0
1648542610536,3,GetById,200,OK,Web Service Employee 1-10,text,true,,155,347,1,1,https://localhost:5001/api/Employee/GetEmployeeById?Id=1,3,0,0
1648542610540,4,GetDetails,200,OK,Web Service Employee 1-10,text,true,,200,350,1,1,https://localhost:5001/api/Employee/GetEmployeeDetails?Id=1,4,0,0
1648542610545,9,GetById,200,OK,Web Service Employee 1-10,text,true,,155,347,1,1,https://localhost:5001/api/Employee/GetEmployeeById?Id=1,9,0,0
1648542610555,5,GetDetails,200,OK,Web Service Employee 1-10,text,true,,200,350,1,1,https://localhost:5001/api/Employee/GetEmployeeDetails?Id=1,4,0,0
1648542610560,7,GetById,200,OK,Web Service Employee 1-10,text,true,,155,347,1,1,https://localhost:5001/api/Employee/GetEmployeeById?Id=1,7,0,0
1648542610569,3,GetDetails,200,OK,Web Service Employee 1-10,text,true,,200,350,1,1,https://localhost:5001/api/Employee/GetEmployeeDetails?Id=1,3,0,0
1648542612453,58,GetById,200,OK,Web Service Employee 1-11,text,true,,155,347,1,1,https://localhost:5001/api/Employee/GetEmployeeById?Id=1,58,0,54
1648542612512,10,GetDetails,200,OK,Web Service Employee 1-11,text,true,,200,350,1,1,https://localhost:5001/api/Employee/GetEmployeeDetails?Id=1,10,0,0
1648542612523,5,GetById,200,OK,Web Service Employee 1-11,text,true,,155,347,1,1,https://localhost:5001/api/Employee/GetEmployeeById?Id=1,5,0,0
1648542612529,11,GetDetails,200,OK,Web Service Employee 1-11,text,true,,200,350,1,1,https://localhost:5001/api/Employee/GetEmployeeDetails?Id=1,10,0,0
1648542612540,7,GetById,200,OK,Web Service Employee 1-11,text,true,,155,347,1,1,https://localhost:5001/api/Employee/GetEmployeeById?Id=1,7,0,0
1648542612548,9,GetDetails,200,OK,Web Service Employee 1-11,text,true,,200,350,1,1,https://localhost:5001/api/Employee/GetEmployeeDetails?Id=1,9,0,0
1648542612558,6,GetById,200,OK,Web Service Employee 1-11,text,true,,155,347,1,1,https://localhost:5001/api/Employee/GetEmployeeById?Id=1,5,0,0
1648542612565,9,GetDetails,200,OK,Web Service Employee 1-11,text,true,,200,350,1,1,https://localhost:5001/api/Employee/GetEmployeeDetails?Id=1,9,0,0
1648542612575,6,GetById,200,OK,Web Service Employee 1-11,text,true,,155,347,1,1,https://localhost:5001/api/Employee/GetEmployeeById?Id=1,6,0,0
1648542612581,12,GetDetails,200,OK,Web Service Employee 1-11,text,true,,200,350,1,1,https://localhost:5001/api/Employee/GetEmployeeDetails?Id=1,12,0,0
1648542612594,6,GetById,200,OK,Web Service Employee 1-11,text,true,,155,347,1,1,https://localhost:5001/api/Employee/GetEmployeeById?Id=1,6,0,0
1648542612601,5,GetDetails,200,OK,Web Service Employee 1-11,text,true,,200,350,1,1,https://localhost:5001/api/Employee/GetEmployeeDetails?Id=1,5,0,0
1648542614441,50,GetById,200,OK,Web Service Employee 1-12,text,true,,155,347,1,1,https://localhost:5001/api/Employee/GetEmployeeById?Id=1,49,0,40
1648542614492,7,GetDetails,200,OK,Web Service Employee 1-12,text,true,,200,350,1,1,https://localhost:5001/api/Employee/GetEmployeeDetails?Id=1,6,0,0
1648542614500,9,GetById,200,OK,Web Service Employee 1-12,text,true,,155,347,1,1,https://localhost:5001/api/Employee/GetEmployeeById?Id=1,8,0,0
1648542614509,5,GetDetails,200,OK,Web Service Employee 1-12,text,true,,200,350,1,1,https://localhost:5001/api/Employee/GetEmployeeDetails?Id=1,4,0,0
1648542614514,10,GetById,200,OK,Web Service Employee 1-12,text,true,,155,347,1,1,https://localhost:5001/api/Employee/GetEmployeeById?Id=1,10,0,0
1648542614525,4,GetDetails,200,OK,Web Service Employee 1-12,text,true,,200,350,1,1,https://localhost:5001/api/Employee/GetEmployeeDetails?Id=1,4,0,0
1648542614530,12,GetById,200,OK,Web Service Employee 1-12,text,true,,155,347,1,1,https://localhost:5001/api/Employee/GetEmployeeById?Id=1,12,0,0
1648542614542,10,GetDetails,200,OK,Web Service Employee 1-12,text,true,,200,350,1,1,https://localhost:5001/api/Employee/GetEmployeeDetails?Id=1,10,0,0
1648542614553,5,GetById,200,OK,Web Service Employee 1-12,text,true,,155,347,1,1,https://localhost:5001/api/Employee/GetEmployeeById?Id=1,5,0,0
1648542614558,4,GetDetails,200,OK,Web Service Employee 1-12,text,true,,200,350,1,1,https://localhost:5001/api/Employee/GetEmployeeDetails?Id=1,4,0,0
1648542614562,10,GetById,200,OK,Web Service Employee 1-12,text,true,,155,347,1,1,https://localhost:5001/api/Employee/GetEmployeeById?Id=1,10,0,0
1648542614573,6,GetDetails,200,OK,Web Service Employee 1-12,text,true,,200,350,1,1,https://localhost:5001/api/Employee/GetEmployeeDetails?Id=1,5,0,0
1648542616440,48,GetById,200,OK,Web Service Employee 1-13,text,true,,155,347,1,1,https://localhost:5001/api/Employee/GetEmployeeById?Id=1,48,0,41
1648542616489,4,GetDetails,200,OK,Web Service Employee 1-13,text,true,,200,350,1,1,https://localhost:5001/api/Employee/GetEmployeeDetails?Id=1,4,0,0
1648542616494,6,GetById,200,OK,Web Service Employee 1-13,text,true,,155,347,1,1,https://localhost:5001/api/Employee/GetEmployeeById?Id=1,5,0,0
1648542616500,34,GetDetails,200,OK,Web Service Employee 1-13,text,true,,200,350,1,1,https://localhost:5001/api/Employee/GetEmployeeDetails?Id=1,34,0,0
1648542616534,14,GetById,200,OK,Web Service Employee 1-13,text,true,,155,347,1,1,https://localhost:5001/api/Employee/GetEmployeeById?Id=1,14,0,0
1648542616549,14,GetDetails,200,OK,Web Service Employee 1-13,text,true,,200,350,1,1,https://localhost:5001/api/Employee/GetEmployeeDetails?Id=1,14,0,0
1648542616564,36,GetById,200,OK,Web Service Employee 1-13,text,true,,155,347,1,1,https://localhost:5001/api/Employee/GetEmployeeById?Id=1,35,0,0
1648542616601,21,GetDetails,200,OK,Web Service Employee 1-13,text,true,,200,350,1,1,https://localhost:5001/api/Employee/GetEmployeeDetails?Id=1,21,0,0
1648542616623,8,GetById,200,OK,Web Service Employee 1-13,text,true,,155,347,1,1,https://localhost:5001/api/Employee/GetEmployeeById?Id=1,8,0,0
1648542616632,14,GetDetails,200,OK,Web Service Employee 1-13,text,true,,200,350,1,1,https://localhost:5001/api/Employee/GetEmployeeDetails?Id=1,14,0,0
1648542616647,11,GetById,200,OK,Web Service Employee 1-13,text,true,,155,347,1,1,https://localhost:5001/api/Employee/GetEmployeeById?Id=1,11,0,0
1648542616659,19,GetDetails,200,OK,Web Service Employee 1-13,text,true,,200,350,1,1,https://localhost:5001/api/Employee/GetEmployeeDetails?Id=1,19,0,0
1648542618427,139,GetById,200,OK,Web Service Employee 1-14,text,true,,155,347,1,1,https://localhost:5001/api/Employee/GetEmployeeById?Id=1,136,0,83
1648542618567,42,GetDetails,200,OK,Web Service Employee 1-14,text,true,,200,350,1,1,https://localhost:5001/api/Employee/GetEmployeeDetails?Id=1,42,0,0
1648542618611,30,GetById,200,OK,Web Service Employee 1-14,text,true,,155,347,1,1,https://localhost:5001/api/Employee/GetEmployeeById?Id=1,30,0,0
1648542618642,13,GetDetails,200,OK,Web Service Employee 1-14,text,true,,200,350,1,1,https://localhost:5001/api/Employee/GetEmployeeDetails?Id=1,13,0,0
1648542618656,35,GetById,200,OK,Web Service Employee 1-14,text,true,,155,347,1,1,https://localhost:5001/api/Employee/GetEmployeeById?Id=1,34,0,0
1648542618691,45,GetDetails,200,OK,Web Service Employee 1-14,text,true,,200,350,1,1,https://localhost:5001/api/Employee/GetEmployeeDetails?Id=1,45,0,0
1648542618737,7,GetById,200,OK,Web Service Employee 1-14,text,true,,155,347,1,1,https://localhost:5001/api/Employee/GetEmployeeById?Id=1,6,0,0
1648542618744,16,GetDetails,200,OK,Web Service Employee 1-14,text,true,,200,350,1,1,https://localhost:5001/api/Employee/GetEmployeeDetails?Id=1,16,0,0
1648542618761,19,GetById,200,OK,Web Service Employee 1-14,text,true,,155,347,1,1,https://localhost:5001/api/Employee/GetEmployeeById?Id=1,19,0,0
1648542618781,34,GetDetails,200,OK,Web Service Employee 1-14,text,true,,200,350,1,1,https://localhost:5001/api/Employee/GetEmployeeDetails?Id=1,34,0,0
1648542618816,13,GetById,200,OK,Web Service Employee 1-14,text,true,,155,347,1,1,https://localhost:5001/api/Employee/GetEmployeeById?Id=1,13,0,0
1648542618830,41,GetDetails,200,OK,Web Service Employee 1-14,text,true,,200,350,1,1,https://localhost:5001/api/Employee/GetEmployeeDetails?Id=1,41,0,0
1648542620362,47,GetById,200,OK,Web Service Employee 1-15,text,true,,155,347,1,1,https://localhost:5001/api/Employee/GetEmployeeById?Id=1,47,0,43
1648542620410,3,GetDetails,200,OK,Web Service Employee 1-15,text,true,,200,350,1,1,https://localhost:5001/api/Employee/GetEmployeeDetails?Id=1,3,0,0
1648542620414,6,GetById,200,OK,Web Service Employee 1-15,text,true,,155,347,1,1,https://localhost:5001/api/Employee/GetEmployeeById?Id=1,6,0,0
1648542620420,4,GetDetails,200,OK,Web Service Employee 1-15,text,true,,200,350,1,1,https://localhost:5001/api/Employee/GetEmployeeDetails?Id=1,4,0,0
1648542620424,5,GetById,200,OK,Web Service Employee 1-15,text,true,,155,347,1,1,https://localhost:5001/api/Employee/GetEmployeeById?Id=1,5,0,0
1648542620430,5,GetDetails,200,OK,Web Service Employee 1-15,text,true,,200,350,1,1,https://localhost:5001/api/Employee/GetEmployeeDetails?Id=1,5,0,0
1648542620436,3,GetById,200,OK,Web Service Employee 1-15,text,true,,155,347,1,1,https://localhost:5001/api/Employee/GetEmployeeById?Id=1,3,0,0
1648542620440,3,GetDetails,200,OK,Web Service Employee 1-15,text,true,,200,350,1,1,https://localhost:5001/api/Employee/GetEmployeeDetails?Id=1,3,0,0
1648542620443,3,GetById,200,OK,Web Service Employee 1-15,text,true,,155,347,1,1,https://localhost:5001/api/Employee/GetEmployeeById?Id=1,3,0,0
1648542620447,4,GetDetails,200,OK,Web Service Employee 1-15,text,true,,200,350,1,1,https://localhost:5001/api/Employee/GetEmployeeDetails?Id=1,4,0,0
1648542620451,3,GetById,200,OK,Web Service Employee 1-15,text,true,,155,347,1,1,https://localhost:5001/api/Employee/GetEmployeeById?Id=1,3,0,0
1648542620455,3,GetDetails,200,OK,Web Service Employee 1-15,text,true,,200,350,1,1,https://localhost:5001/api/Employee/GetEmployeeDetails?Id=1,3,0,0
1648542622357,53,GetById,200,OK,Web Service Employee 1-16,text,true,,155,347,1,1,https://localhost:5001/api/Employee/GetEmployeeById?Id=1,53,0,50
1648542622411,3,GetDetails,200,OK,Web Service Employee 1-16,text,true,,200,350,1,1,https://localhost:5001/api/Employee/GetEmployeeDetails?Id=1,3,0,0
1648542622415,4,GetById,200,OK,Web Service Employee 1-16,text,true,,155,347,1,1,https://localhost:5001/api/Employee/GetEmployeeById?Id=1,4,0,0
1648542622419,4,GetDetails,200,OK,Web Service Employee 1-16,text,true,,200,350,1,1,https://localhost:5001/api/Employee/GetEmployeeDetails?Id=1,3,0,0
1648542622423,4,GetById,200,OK,Web Service Employee 1-16,text,true,,155,347,1,1,https://localhost:5001/api/Employee/GetEmployeeById?Id=1,3,0,0
1648542622427,4,GetDetails,200,OK,Web Service Employee 1-16,text,true,,200,350,1,1,https://localhost:5001/api/Employee/GetEmployeeDetails?Id=1,4,0,0
1648542622432,6,GetById,200,OK,Web Service Employee 1-16,text,true,,155,347,1,1,https://localhost:5001/api/Employee/GetEmployeeById?Id=1,6,0,0
1648542622438,4,GetDetails,200,OK,Web Service Employee 1-16,text,true,,200,350,1,1,https://localhost:5001/api/Employee/GetEmployeeDetails?Id=1,4,0,0
1648542622443,3,GetById,200,OK,Web Service Employee 1-16,text,true,,155,347,1,1,https://localhost:5001/api/Employee/GetEmployeeById?Id=1,3,0,0
1648542622447,5,GetDetails,200,OK,Web Service Employee 1-16,text,true,,200,350,1,1,https://localhost:5001/api/Employee/GetEmployeeDetails?Id=1,5,0,0
1648542622453,3,GetById,200,OK,Web Service Employee 1-16,text,true,,155,347,1,1,https://localhost:5001/api/Employee/GetEmployeeById?Id=1,3,0,0
1648542622457,10,GetDetails,200,OK,Web Service Employee 1-16,text,true,,200,350,1,1,https://localhost:5001/api/Employee/GetEmployeeDetails?Id=1,10,0,0
1648542624352,47,GetById,200,OK,Web Service Employee 1-17,text,true,,155,347,1,1,https://localhost:5001/api/Employee/GetEmployeeById?Id=1,47,0,43
1648542624401,5,GetDetails,200,OK,Web Service Employee 1-17,text,true,,200,350,1,1,https://localhost:5001/api/Employee/GetEmployeeDetails?Id=1,4,0,0
1648542624406,7,GetById,200,OK,Web Service Employee 1-17,text,true,,155,347,1,1,https://localhost:5001/api/Employee/GetEmployeeById?Id=1,7,0,0
1648542624414,5,GetDetails,200,OK,Web Service Employee 1-17,text,true,,200,350,1,1,https://localhost:5001/api/Employee/GetEmployeeDetails?Id=1,5,0,0
1648542624420,4,GetById,200,OK,Web Service Employee 1-17,text,true,,155,347,1,1,https://localhost:5001/api/Employee/GetEmployeeById?Id=1,3,0,0
1648542624425,3,GetDetails,200,OK,Web Service Employee 1-17,text,true,,200,350,1,1,https://localhost:5001/api/Employee/GetEmployeeDetails?Id=1,3,0,0
1648542624429,3,GetById,200,OK,Web Service Employee 1-17,text,true,,155,347,1,1,https://localhost:5001/api/Employee/GetEmployeeById?Id=1,3,0,0
1648542624433,5,GetDetails,200,OK,Web Service Employee 1-17,text,true,,200,350,1,1,https://localhost:5001/api/Employee/GetEmployeeDetails?Id=1,5,0,0
1648542624439,4,GetById,200,OK,Web Service Employee 1-17,text,true,,155,347,1,1,https://localhost:5001/api/Employee/GetEmployeeById?Id=1,4,0,0
1648542624444,3,GetDetails,200,OK,Web Service Employee 1-17,text,true,,200,350,1,1,https://localhost:5001/api/Employee/GetEmployeeDetails?Id=1,2,0,0
1648542624447,4,GetById,200,OK,Web Service Employee 1-17,text,true,,155,347,1,1,https://localhost:5001/api/Employee/GetEmployeeById?Id=1,4,0,0
1648542624452,3,GetDetails,200,OK,Web Service Employee 1-17,text,true,,200,350,1,1,https://localhost:5001/api/Employee/GetEmployeeDetails?Id=1,3,0,0
1648542626354,40,GetById,200,OK,Web Service Employee 1-18,text,true,,155,347,1,1,https://localhost:5001/api/Employee/GetEmployeeById?Id=1,40,0,37
1648542626395,3,GetDetails,200,OK,Web Service Employee 1-18,text,true,,200,350,1,1,https://localhost:5001/api/Employee/GetEmployeeDetails?Id=1,3,0,0
1648542626399,5,GetById,200,OK,Web Service Employee 1-18,text,true,,155,347,1,1,https://localhost:5001/api/Employee/GetEmployeeById?Id=1,5,0,0
1648542626405,4,GetDetails,200,OK,Web Service Employee 1-18,text,true,,200,350,1,1,https://localhost:5001/api/Employee/GetEmployeeDetails?Id=1,4,0,0
1648542626410,3,GetById,200,OK,Web Service Employee 1-18,text,true,,155,347,1,1,https://localhost:5001/api/Employee/GetEmployeeById?Id=1,3,0,0
1648542626414,5,GetDetails,200,OK,Web Service Employee 1-18,text,true,,200,350,1,1,https://localhost:5001/api/Employee/GetEmployeeDetails?Id=1,5,0,0
1648542626419,9,GetById,200,OK,Web Service Employee 1-18,text,true,,155,347,1,1,https://localhost:5001/api/Employee/GetEmployeeById?Id=1,9,0,0
1648542626429,4,GetDetails,200,OK,Web Service Employee 1-18,text,true,,200,350,1,1,https://localhost:5001/api/Employee/GetEmployeeDetails?Id=1,4,0,0
1648542626434,5,GetById,200,OK,Web Service Employee 1-18,text,true,,155,347,1,1,https://localhost:5001/api/Employee/GetEmployeeById?Id=1,5,0,0
1648542626441,25,GetDetails,200,OK,Web Service Employee 1-18,text,true,,200,350,1,1,https://localhost:5001/api/Employee/GetEmployeeDetails?Id=1,25,0,0
1648542626467,6,GetById,200,OK,Web Service Employee 1-18,text,true,,155,347,1,1,https://localhost:5001/api/Employee/GetEmployeeById?Id=1,6,0,0
1648542626473,4,GetDetails,200,OK,Web Service Employee 1-18,text,true,,200,350,1,1,https://localhost:5001/api/Employee/GetEmployeeDetails?Id=1,4,0,0
1648542628400,53,GetById,200,OK,Web Service Employee 1-19,text,true,,155,347,1,1,https://localhost:5001/api/Employee/GetEmployeeById?Id=1,52,0,47
1648542628453,4,GetDetails,200,OK,Web Service Employee 1-19,text,true,,200,350,1,1,https://localhost:5001/api/Employee/GetEmployeeDetails?Id=1,4,0,0
1648542628458,4,GetById,200,OK,Web Service Employee 1-19,text,true,,155,347,1,1,https://localhost:5001/api/Employee/GetEmployeeById?Id=1,3,0,0
1648542628464,7,GetDetails,200,OK,Web Service Employee 1-19,text,true,,200,350,1,1,https://localhost:5001/api/Employee/GetEmployeeDetails?Id=1,7,0,0
1648542628472,4,GetById,200,OK,Web Service Employee 1-19,text,true,,155,347,1,1,https://localhost:5001/api/Employee/GetEmployeeById?Id=1,4,0,0
1648542628476,4,GetDetails,200,OK,Web Service Employee 1-19,text,true,,200,350,1,1,https://localhost:5001/api/Employee/GetEmployeeDetails?Id=1,3,0,0
1648542628480,6,GetById,200,OK,Web Service Employee 1-19,text,true,,155,347,1,1,https://localhost:5001/api/Employee/GetEmployeeById?Id=1,6,0,0
1648542628487,3,GetDetails,200,OK,Web Service Employee 1-19,text,true,,200,350,1,1,https://localhost:5001/api/Employee/GetEmployeeDetails?Id=1,3,0,0
1648542628490,4,GetById,200,OK,Web Service Employee 1-19,text,true,,155,347,1,1,https://localhost:5001/api/Employee/GetEmployeeById?Id=1,4,0,0
1648542628495,3,GetDetails,200,OK,Web Service Employee 1-19,text,true,,200,350,1,1,https://localhost:5001/api/Employee/GetEmployeeDetails?Id=1,3,0,0
1648542628499,5,GetById,200,OK,Web Service Employee 1-19,text,true,,155,347,1,1,https://localhost:5001/api/Employee/GetEmployeeById?Id=1,5,0,0
1648542628505,4,GetDetails,200,OK,Web Service Employee 1-19,text,true,,200,350,1,1,https://localhost:5001/api/Employee/GetEmployeeDetails?Id=1,4,0,0
1648542630358,63,GetById,200,OK,Web Service Employee 1-20,text,true,,155,347,1,1,https://localhost:5001/api/Employee/GetEmployeeById?Id=1,63,0,56
1648542630427,5,GetDetails,200,OK,Web Service Employee 1-20,text,true,,200,350,1,1,https://localhost:5001/api/Employee/GetEmployeeDetails?Id=1,5,0,0
1648542630435,5,GetById,200,OK,Web Service Employee 1-20,text,true,,155,347,1,1,https://localhost:5001/api/Employee/GetEmployeeById?Id=1,5,0,0
1648542630441,4,GetDetails,200,OK,Web Service Employee 1-20,text,true,,200,350,1,1,https://localhost:5001/api/Employee/GetEmployeeDetails?Id=1,4,0,0
1648542630445,5,GetById,200,OK,Web Service Employee 1-20,text,true,,155,347,1,1,https://localhost:5001/api/Employee/GetEmployeeById?Id=1,5,0,0
1648542630451,5,GetDetails,200,OK,Web Service Employee 1-20,text,true,,200,350,1,1,https://localhost:5001/api/Employee/GetEmployeeDetails?Id=1,5,0,0
1648542630456,6,GetById,200,OK,Web Service Employee 1-20,text,true,,155,347,1,1,https://localhost:5001/api/Employee/GetEmployeeById?Id=1,6,0,0
1648542630462,15,GetDetails,200,OK,Web Service Employee 1-20,text,true,,200,350,1,1,https://localhost:5001/api/Employee/GetEmployeeDetails?Id=1,14,0,0
1648542630477,32,GetById,200,OK,Web Service Employee 1-20,text,true,,155,347,1,1,https://localhost:5001/api/Employee/GetEmployeeById?Id=1,32,0,0
1648542630511,9,GetDetails,200,OK,Web Service Employee 1-20,text,true,,200,350,1,1,https://localhost:5001/api/Employee/GetEmployeeDetails?Id=1,8,0,0
1648542630520,4,GetById,200,OK,Web Service Employee 1-20,text,true,,155,347,1,1,https://localhost:5001/api/Employee/GetEmployeeById?Id=1,4,0,0
1648542630525,5,GetDetails,200,OK,Web Service Employee 1-20,text,true,,200,350,1,1,https://localhost:5001/api/Employee/GetEmployeeDetails?Id=1,5,0,0
1648542632336,45,GetById,200,OK,Web Service Employee 1-21,text,true,,155,347,1,1,https://localhost:5001/api/Employee/GetEmployeeById?Id=1,45,0,42
1648542632381,6,GetDetails,200,OK,Web Service Employee 1-21,text,true,,200,350,1,1,https://localhost:5001/api/Employee/GetEmployeeDetails?Id=1,6,0,0
1648542632387,4,GetById,200,OK,Web Service Employee 1-21,text,true,,155,347,1,1,https://localhost:5001/api/Employee/GetEmployeeById?Id=1,3,0,0
1648542632391,3,GetDetails,200,OK,Web Service Employee 1-21,text,true,,200,350,1,1,https://localhost:5001/api/Employee/GetEmployeeDetails?Id=1,3,0,0
1648542632394,4,GetById,200,OK,Web Service Employee 1-21,text,true,,155,347,1,1,https://localhost:5001/api/Employee/GetEmployeeById?Id=1,4,0,0
1648542632398,5,GetDetails,200,OK,Web Service Employee 1-21,text,true,,200,350,1,1,https://localhost:5001/api/Employee/GetEmployeeDetails?Id=1,5,0,0
1648542632404,4,GetById,200,OK,Web Service Employee 1-21,text,true,,155,347,1,1,https://localhost:5001/api/Employee/GetEmployeeById?Id=1,3,0,0
1648542632408,6,GetDetails,200,OK,Web Service Employee 1-21,text,true,,200,350,1,1,https://localhost:5001/api/Employee/GetEmployeeDetails?Id=1,6,0,0
1648542632416,4,GetById,200,OK,Web Service Employee 1-21,text,true,,155,347,1,1,https://localhost:5001/api/Employee/GetEmployeeById?Id=1,4,0,0
1648542632420,4,GetDetails,200,OK,Web Service Employee 1-21,text,true,,200,350,1,1,https://localhost:5001/api/Employee/GetEmployeeDetails?Id=1,3,0,0
1648542632424,4,GetById,200,OK,Web Service Employee 1-21,text,true,,155,347,1,1,https://localhost:5001/api/Employee/GetEmployeeById?Id=1,4,0,0
1648542632428,4,GetDetails,200,OK,Web Service Employee 1-21,text,true,,200,350,1,1,https://localhost:5001/api/Employee/GetEmployeeDetails?Id=1,3,0,0
1648542634356,39,GetById,200,OK,Web Service Employee 1-22,text,true,,155,347,1,1,https://localhost:5001/api/Employee/GetEmployeeById?Id=1,39,0,36
1648542634396,6,GetDetails,200,OK,Web Service Employee 1-22,text,true,,200,350,1,1,https://localhost:5001/api/Employee/GetEmployeeDetails?Id=1,6,0,0
1648542634403,4,GetById,200,OK,Web Service Employee 1-22,text,true,,155,347,1,1,https://localhost:5001/api/Employee/GetEmployeeById?Id=1,3,0,0
1648542634407,5,GetDetails,200,OK,Web Service Employee 1-22,text,true,,200,350,1,1,https://localhost:5001/api/Employee/GetEmployeeDetails?Id=1,4,0,0
1648542634413,7,GetById,200,OK,Web Service Employee 1-22,text,true,,155,347,1,1,https://localhost:5001/api/Employee/GetEmployeeById?Id=1,7,0,0
1648542634420,4,GetDetails,200,OK,Web Service Employee 1-22,text,true,,200,350,1,1,https://localhost:5001/api/Employee/GetEmployeeDetails?Id=1,4,0,0
1648542634424,4,GetById,200,OK,Web Service Employee 1-22,text,true,,155,347,1,1,https://localhost:5001/api/Employee/GetEmployeeById?Id=1,3,0,0
1648542634428,3,GetDetails,200,OK,Web Service Employee 1-22,text,true,,200,350,1,1,https://localhost:5001/api/Employee/GetEmployeeDetails?Id=1,3,0,0
1648542634432,5,GetById,200,OK,Web Service Employee 1-22,text,true,,155,347,1,1,https://localhost:5001/api/Employee/GetEmployeeById?Id=1,4,0,0
1648542634437,4,GetDetails,200,OK,Web Service Employee 1-22,text,true,,200,350,1,1,https://localhost:5001/api/Employee/GetEmployeeDetails?Id=1,4,0,0
1648542634441,3,GetById,200,OK,Web Service Employee 1-22,text,true,,155,347,1,1,https://localhost:5001/api/Employee/GetEmployeeById?Id=1,3,0,0
1648542634444,4,GetDetails,200,OK,Web Service Employee 1-22,text,true,,200,350,1,1,https://localhost:5001/api/Employee/GetEmployeeDetails?Id=1,4,0,0
1648542636352,39,GetById,200,OK,Web Service Employee 1-23,text,true,,155,347,1,1,https://localhost:5001/api/Employee/GetEmployeeById?Id=1,39,0,36
1648542636392,3,GetDetails,200,OK,Web Service Employee 1-23,text,true,,200,350,1,1,https://localhost:5001/api/Employee/GetEmployeeDetails?Id=1,3,0,0
1648542636401,13,GetById,200,OK,Web Service Employee 1-23,text,true,,155,347,1,1,https://localhost:5001/api/Employee/GetEmployeeById?Id=1,12,0,0
1648542636414,7,GetDetails,200,OK,Web Service Employee 1-23,text,true,,200,350,1,1,https://localhost:5001/api/Employee/GetEmployeeDetails?Id=1,7,0,0
1648542636421,4,GetById,200,OK,Web Service Employee 1-23,text,true,,155,347,1,1,https://localhost:5001/api/Employee/GetEmployeeById?Id=1,3,0,0
1648542636425,9,GetDetails,200,OK,Web Service Employee 1-23,text,true,,200,350,1,1,https://localhost:5001/api/Employee/GetEmployeeDetails?Id=1,9,0,0
1648542636435,8,GetById,200,OK,Web Service Employee 1-23,text,true,,155,347,1,1,https://localhost:5001/api/Employee/GetEmployeeById?Id=1,8,0,0
1648542636444,3,GetDetails,200,OK,Web Service Employee 1-23,text,true,,200,350,1,1,https://localhost:5001/api/Employee/GetEmployeeDetails?Id=1,3,0,0
1648542636447,6,GetById,200,OK,Web Service Employee 1-23,text,true,,155,347,1,1,https://localhost:5001/api/Employee/GetEmployeeById?Id=1,6,0,0
1648542636454,3,GetDetails,200,OK,Web Service Employee 1-23,text,true,,200,350,1,1,https://localhost:5001/api/Employee/GetEmployeeDetails?Id=1,3,0,0
1648542636458,3,GetById,200,OK,Web Service Employee 1-23,text,true,,155,347,1,1,https://localhost:5001/api/Employee/GetEmployeeById?Id=1,3,0,0
1648542636462,3,GetDetails,200,OK,Web Service Employee 1-23,text,true,,200,350,1,1,https://localhost:5001/api/Employee/GetEmployeeDetails?Id=1,3,0,0
1648542638354,38,GetById,200,OK,Web Service Employee 1-24,text,true,,155,347,1,1,https://localhost:5001/api/Employee/GetEmployeeById?Id=1,38,0,34
1648542638393,4,GetDetails,200,OK,Web Service Employee 1-24,text,true,,200,350,1,1,https://localhost:5001/api/Employee/GetEmployeeDetails?Id=1,4,0,0
1648542638398,6,GetById,200,OK,Web Service Employee 1-24,text,true,,155,347,1,1,https://localhost:5001/api/Employee/GetEmployeeById?Id=1,6,0,0
1648542638405,4,GetDetails,200,OK,Web Service Employee 1-24,text,true,,200,350,1,1,https://localhost:5001/api/Employee/GetEmployeeDetails?Id=1,4,0,0
1648542638410,5,GetById,200,OK,Web Service Employee 1-24,text,true,,155,347,1,1,https://localhost:5001/api/Employee/GetEmployeeById?Id=1,4,0,0
1648542638415,6,GetDetails,200,OK,Web Service Employee 1-24,text,true,,200,350,1,1,https://localhost:5001/api/Employee/GetEmployeeDetails?Id=1,6,0,0
1648542638421,4,GetById,200,OK,Web Service Employee 1-24,text,true,,155,347,1,1,https://localhost:5001/api/Employee/GetEmployeeById?Id=1,4,0,0
1648542638426,3,GetDetails,200,OK,Web Service Employee 1-24,text,true,,200,350,1,1,https://localhost:5001/api/Employee/GetEmployeeDetails?Id=1,3,0,0
1648542638429,5,GetById,200,OK,Web Service Employee 1-24,text,true,,155,347,1,1,https://localhost:5001/api/Employee/GetEmployeeById?Id=1,4,0,0
1648542638434,5,GetDetails,200,OK,Web Service Employee 1-24,text,true,,200,350,1,1,https://localhost:5001/api/Employee/GetEmployeeDetails?Id=1,5,0,0
1648542638439,3,GetById,200,OK,Web Service Employee 1-24,text,true,,155,347,1,1,https://localhost:5001/api/Employee/GetEmployeeById?Id=1,3,0,0
1648542638443,3,GetDetails,200,OK,Web Service Employee 1-24,text,true,,200,350,1,1,https://localhost:5001/api/Employee/GetEmployeeDetails?Id=1,3,0,0
1648542640352,37,GetById,200,OK,Web Service Employee 1-25,text,true,,155,347,1,1,https://localhost:5001/api/Employee/GetEmployeeById?Id=1,37,0,29
1648542640390,3,GetDetails,200,OK,Web Service Employee 1-25,text,true,,200,350,1,1,https://localhost:5001/api/Employee/GetEmployeeDetails?Id=1,3,0,0
1648542640393,4,GetById,200,OK,Web Service Employee 1-25,text,true,,155,347,1,1,https://localhost:5001/api/Employee/GetEmployeeById?Id=1,4,0,0
1648542640397,8,GetDetails,200,OK,Web Service Employee 1-25,text,true,,200,350,1,1,https://localhost:5001/api/Employee/GetEmployeeDetails?Id=1,8,0,0
1648542640406,3,GetById,200,OK,Web Service Employee 1-25,text,true,,155,347,1,1,https://localhost:5001/api/Employee/GetEmployeeById?Id=1,3,0,0
1648542640410,7,GetDetails,200,OK,Web Service Employee 1-25,text,true,,200,350,1,1,https://localhost:5001/api/Employee/GetEmployeeDetails?Id=1,6,0,0
1648542640418,4,GetById,200,OK,Web Service Employee 1-25,text,true,,155,347,1,1,https://localhost:5001/api/Employee/GetEmployeeById?Id=1,4,0,0
1648542640423,3,GetDetails,200,OK,Web Service Employee 1-25,text,true,,200,350,1,1,https://localhost:5001/api/Employee/GetEmployeeDetails?Id=1,3,0,0
1648542640426,3,GetById,200,OK,Web Service Employee 1-25,text,true,,155,347,1,1,https://localhost:5001/api/Employee/GetEmployeeById?Id=1,3,0,0
1648542640430,3,GetDetails,200,OK,Web Service Employee 1-25,text,true,,200,350,1,1,https://localhost:5001/api/Employee/GetEmployeeDetails?Id=1,3,0,0
1648542640434,4,GetById,200,OK,Web Service Employee 1-25,text,true,,155,347,1,1,https://localhost:5001/api/Employee/GetEmployeeById?Id=1,4,0,0
1648542640439,3,GetDetails,200,OK,Web Service Employee 1-25,text,true,,200,350,1,1,https://localhost:5001/api/Employee/GetEmployeeDetails?Id=1,3,0,0
1648542642371,49,GetById,200,OK,Web Service Employee 1-26,text,true,,155,347,1,1,https://localhost:5001/api/Employee/GetEmployeeById?Id=1,49,0,44
1648542642421,4,GetDetails,200,OK,Web Service Employee 1-26,text,true,,200,350,1,1,https://localhost:5001/api/Employee/GetEmployeeDetails?Id=1,4,0,0
1648542642425,4,GetById,200,OK,Web Service Employee 1-26,text,true,,155,347,1,1,https://localhost:5001/api/Employee/GetEmployeeById?Id=1,4,0,0
1648542642429,7,GetDetails,200,OK,Web Service Employee 1-26,text,true,,200,350,1,1,https://localhost:5001/api/Employee/GetEmployeeDetails?Id=1,7,0,0
1648542642436,4,GetById,200,OK,Web Service Employee 1-26,text,true,,155,347,1,1,https://localhost:5001/api/Employee/GetEmployeeById?Id=1,4,0,0
1648542642441,3,GetDetails,200,OK,Web Service Employee 1-26,text,true,,200,350,1,1,https://localhost:5001/api/Employee/GetEmployeeDetails?Id=1,3,0,0
1648542642445,3,GetById,200,OK,Web Service Employee 1-26,text,true,,155,347,1,1,https://localhost:5001/api/Employee/GetEmployeeById?Id=1,3,0,0
1648542642450,4,GetDetails,200,OK,Web Service Employee 1-26,text,true,,200,350,1,1,https://localhost:5001/api/Employee/GetEmployeeDetails?Id=1,4,0,0
1648542642454,4,GetById,200,OK,Web Service Employee 1-26,text,true,,155,347,1,1,https://localhost:5001/api/Employee/GetEmployeeById?Id=1,4,0,0
1648542642458,4,GetDetails,200,OK,Web Service Employee 1-26,text,true,,200,350,1,1,https://localhost:5001/api/Employee/GetEmployeeDetails?Id=1,4,0,0
1648542642462,6,GetById,200,OK,Web Service Employee 1-26,text,true,,155,347,1,1,https://localhost:5001/api/Employee/GetEmployeeById?Id=1,5,0,0
1648542642469,4,GetDetails,200,OK,Web Service Employee 1-26,text,true,,200,350,1,1,https://localhost:5001/api/Employee/GetEmployeeDetails?Id=1,4,0,0
1648542644344,36,GetById,200,OK,Web Service Employee 1-27,text,true,,155,347,1,1,https://localhost:5001/api/Employee/GetEmployeeById?Id=1,36,0,33
1648542644380,7,GetDetails,200,OK,Web Service Employee 1-27,text,true,,200,350,1,1,https://localhost:5001/api/Employee/GetEmployeeDetails?Id=1,7,0,0
1648542644387,3,GetById,200,OK,Web Service Employee 1-27,text,true,,155,347,1,1,https://localhost:5001/api/Employee/GetEmployeeById?Id=1,3,0,0
1648542644391,4,GetDetails,200,OK,Web Service Employee 1-27,text,true,,200,350,1,1,https://localhost:5001/api/Employee/GetEmployeeDetails?Id=1,4,0,0
1648542644395,4,GetById,200,OK,Web Service Employee 1-27,text,true,,155,347,1,1,https://localhost:5001/api/Employee/GetEmployeeById?Id=1,3,0,0
1648542644400,5,GetDetails,200,OK,Web Service Employee 1-27,text,true,,200,350,1,1,https://localhost:5001/api/Employee/GetEmployeeDetails?Id=1,5,0,0
1648542644406,4,GetById,200,OK,Web Service Employee 1-27,text,true,,155,347,1,1,https://localhost:5001/api/Employee/GetEmployeeById?Id=1,4,0,0
1648542644410,7,GetDetails,200,OK,Web Service Employee 1-27,text,true,,200,350,1,1,https://localhost:5001/api/Employee/GetEmployeeDetails?Id=1,6,0,0
1648542644418,4,GetById,200,OK,Web Service Employee 1-27,text,true,,155,347,1,1,https://localhost:5001/api/Employee/GetEmployeeById?Id=1,3,0,0
1648542644422,6,GetDetails,200,OK,Web Service Employee 1-27,text,true,,200,350,1,1,https://localhost:5001/api/Employee/GetEmployeeDetails?Id=1,6,0,0
1648542644429,5,GetById,200,OK,Web Service Employee 1-27,text,true,,155,347,1,1,https://localhost:5001/api/Employee/GetEmployeeById?Id=1,5,0,0
1648542644435,4,GetDetails,200,OK,Web Service Employee 1-27,text,true,,200,350,1,1,https://localhost:5001/api/Employee/GetEmployeeDetails?Id=1,3,0,0
1648542646341,30,GetById,200,OK,Web Service Employee 1-28,text,true,,155,347,1,1,https://localhost:5001/api/Employee/GetEmployeeById?Id=1,30,0,26
1648542646371,4,GetDetails,200,OK,Web Service Employee 1-28,text,true,,200,350,1,1,https://localhost:5001/api/Employee/GetEmployeeDetails?Id=1,4,0,0
1648542646375,3,GetById,200,OK,Web Service Employee 1-28,text,true,,155,347,1,1,https://localhost:5001/api/Employee/GetEmployeeById?Id=1,3,0,0
1648542646379,5,GetDetails,200,OK,Web Service Employee 1-28,text,true,,200,350,1,1,https://localhost:5001/api/Employee/GetEmployeeDetails?Id=1,5,0,0
1648542646384,4,GetById,200,OK,Web Service Employee 1-28,text,true,,155,347,1,1,https://localhost:5001/api/Employee/GetEmployeeById?Id=1,4,0,0
1648542646388,8,GetDetails,200,OK,Web Service Employee 1-28,text,true,,200,350,1,1,https://localhost:5001/api/Employee/GetEmployeeDetails?Id=1,8,0,0
1648542646397,6,GetById,200,OK,Web Service Employee 1-28,text,true,,155,347,1,1,https://localhost:5001/api/Employee/GetEmployeeById?Id=1,6,0,0
1648542646403,4,GetDetails,200,OK,Web Service Employee 1-28,text,true,,200,350,1,1,https://localhost:5001/api/Employee/GetEmployeeDetails?Id=1,4,0,0
1648542646408,3,GetById,200,OK,Web Service Employee 1-28,text,true,,155,347,1,1,https://localhost:5001/api/Employee/GetEmployeeById?Id=1,3,0,0
1648542646411,4,GetDetails,200,OK,Web Service Employee 1-28,text,true,,200,350,1,1,https://localhost:5001/api/Employee/GetEmployeeDetails?Id=1,4,0,0
1648542646415,4,GetById,200,OK,Web Service Employee 1-28,text,true,,155,347,1,1,https://localhost:5001/api/Employee/GetEmployeeById?Id=1,4,0,0
1648542646420,3,GetDetails,200,OK,Web Service Employee 1-28,text,true,,200,350,1,1,https://localhost:5001/api/Employee/GetEmployeeDetails?Id=1,3,0,0
1648542648340,37,GetById,200,OK,Web Service Employee 1-29,text,true,,155,347,1,1,https://localhost:5001/api/Employee/GetEmployeeById?Id=1,37,0,33
1648542648378,5,GetDetails,200,OK,Web Service Employee 1-29,text,true,,200,350,1,1,https://localhost:5001/api/Employee/GetEmployeeDetails?Id=1,4,0,0
1648542648384,3,GetById,200,OK,Web Service Employee 1-29,text,true,,155,347,1,1,https://localhost:5001/api/Employee/GetEmployeeById?Id=1,3,0,0
1648542648388,3,GetDetails,200,OK,Web Service Employee 1-29,text,true,,200,350,1,1,https://localhost:5001/api/Employee/GetEmployeeDetails?Id=1,3,0,0
1648542648391,4,GetById,200,OK,Web Service Employee 1-29,text,true,,155,347,1,1,https://localhost:5001/api/Employee/GetEmployeeById?Id=1,4,0,0
1648542648395,8,GetDetails,200,OK,Web Service Employee 1-29,text,true,,200,350,1,1,https://localhost:5001/api/Employee/GetEmployeeDetails?Id=1,7,0,0
1648542648403,5,GetById,200,OK,Web Service Employee 1-29,text,true,,155,347,1,1,https://localhost:5001/api/Employee/GetEmployeeById?Id=1,5,0,0
1648542648409,3,GetDetails,200,OK,Web Service Employee 1-29,text,true,,200,350,1,1,https://localhost:5001/api/Employee/GetEmployeeDetails?Id=1,3,0,0
1648542648413,6,GetById,200,OK,Web Service Employee 1-29,text,true,,155,347,1,1,https://localhost:5001/api/Employee/GetEmployeeById?Id=1,6,0,0
1648542648420,3,GetDetails,200,OK,Web Service Employee 1-29,text,true,,200,350,1,1,https://localhost:5001/api/Employee/GetEmployeeDetails?Id=1,3,0,0
1648542648423,4,GetById,200,OK,Web Service Employee 1-29,text,true,,155,347,1,1,https://localhost:5001/api/Employee/GetEmployeeById?Id=1,3,0,0
1648542648427,3,GetDetails,200,OK,Web Service Employee 1-29,text,true,,200,350,1,1,https://localhost:5001/api/Employee/GetEmployeeDetails?Id=1,3,0,0
1648542650338,40,GetById,200,OK,Web Service Employee 1-30,text,true,,155,347,1,1,https://localhost:5001/api/Employee/GetEmployeeById?Id=1,40,0,32
1648542650379,4,GetDetails,200,OK,Web Service Employee 1-30,text,true,,200,350,1,1,https://localhost:5001/api/Employee/GetEmployeeDetails?Id=1,4,0,0
1648542650385,7,GetById,200,OK,Web Service Employee 1-30,text,true,,155,347,1,1,https://localhost:5001/api/Employee/GetEmployeeById?Id=1,6,0,0
1648542650392,5,GetDetails,200,OK,Web Service Employee 1-30,text,true,,200,350,1,1,https://localhost:5001/api/Employee/GetEmployeeDetails?Id=1,5,0,0
1648542650398,6,GetById,200,OK,Web Service Employee 1-30,text,true,,155,347,1,1,https://localhost:5001/api/Employee/GetEmployeeById?Id=1,5,0,0
1648542650404,4,GetDetails,200,OK,Web Service Employee 1-30,text,true,,200,350,1,1,https://localhost:5001/api/Employee/GetEmployeeDetails?Id=1,4,0,0
1648542650408,4,GetById,200,OK,Web Service Employee 1-30,text,true,,155,347,1,1,https://localhost:5001/api/Employee/GetEmployeeById?Id=1,4,0,0
1648542650412,5,GetDetails,200,OK,Web Service Employee 1-30,text,true,,200,350,1,1,https://localhost:5001/api/Employee/GetEmployeeDetails?Id=1,4,0,0
1648542650419,3,GetById,200,OK,Web Service Employee 1-30,text,true,,155,347,1,1,https://localhost:5001/api/Employee/GetEmployeeById?Id=1,3,0,0
1648542650422,3,GetDetails,200,OK,Web Service Employee 1-30,text,true,,200,350,1,1,https://localhost:5001/api/Employee/GetEmployeeDetails?Id=1,3,0,0
1648542650426,3,GetById,200,OK,Web Service Employee 1-30,text,true,,155,347,1,1,https://localhost:5001/api/Employee/GetEmployeeById?Id=1,3,0,0
1648542650429,11,GetDetails,200,OK,Web Service Employee 1-30,text,true,,200,350,1,1,https://localhost:5001/api/Employee/GetEmployeeDetails?Id=1,11,0,0
1648542652337,39,GetById,200,OK,Web Service Employee 1-31,text,true,,155,347,1,1,https://localhost:5001/api/Employee/GetEmployeeById?Id=1,39,0,35
1648542652377,3,GetDetails,200,OK,Web Service Employee 1-31,text,true,,200,350,1,1,https://localhost:5001/api/Employee/GetEmployeeDetails?Id=1,3,0,0
1648542652381,5,GetById,200,OK,Web Service Employee 1-31,text,true,,155,347,1,1,https://localhost:5001/api/Employee/GetEmployeeById?Id=1,4,0,0
1648542652386,3,GetDetails,200,OK,Web Service Employee 1-31,text,true,,200,350,1,1,https://localhost:5001/api/Employee/GetEmployeeDetails?Id=1,3,0,0
1648542652390,3,GetById,200,OK,Web Service Employee 1-31,text,true,,155,347,1,1,https://localhost:5001/api/Employee/GetEmployeeById?Id=1,3,0,0
1648542652393,3,GetDetails,200,OK,Web Service Employee 1-31,text,true,,200,350,1,1,https://localhost:5001/api/Employee/GetEmployeeDetails?Id=1,3,0,0
1648542652397,5,GetById,200,OK,Web Service Employee 1-31,text,true,,155,347,1,1,https://localhost:5001/api/Employee/GetEmployeeById?Id=1,5,0,0
1648542652402,3,GetDetails,200,OK,Web Service Employee 1-31,text,true,,200,350,1,1,https://localhost:5001/api/Employee/GetEmployeeDetails?Id=1,3,0,0
1648542652406,3,GetById,200,OK,Web Service Employee 1-31,text,true,,155,347,1,1,https://localhost:5001/api/Employee/GetEmployeeById?Id=1,3,0,0
1648542652410,3,GetDetails,200,OK,Web Service Employee 1-31,text,true,,200,350,1,1,https://localhost:5001/api/Employee/GetEmployeeDetails?Id=1,3,0,0
1648542652413,5,GetById,200,OK,Web Service Employee 1-31,text,true,,155,347,1,1,https://localhost:5001/api/Employee/GetEmployeeById?Id=1,5,0,0
1648542652419,3,GetDetails,200,OK,Web Service Employee 1-31,text,true,,200,350,1,1,https://localhost:5001/api/Employee/GetEmployeeDetails?Id=1,3,0,0
1648542654339,42,GetById,200,OK,Web Service Employee 1-32,text,true,,155,347,1,1,https://localhost:5001/api/Employee/GetEmployeeById?Id=1,42,0,38
1648542654382,4,GetDetails,200,OK,Web Service Employee 1-32,text,true,,200,350,1,1,https://localhost:5001/api/Employee/GetEmployeeDetails?Id=1,3,0,0
1648542654386,3,GetById,200,OK,Web Service Employee 1-32,text,true,,155,347,1,1,https://localhost:5001/api/Employee/GetEmployeeById?Id=1,3,0,0
1648542654390,3,GetDetails,200,OK,Web Service Employee 1-32,text,true,,200,350,1,1,https://localhost:5001/api/Employee/GetEmployeeDetails?Id=1,2,0,0
1648542654393,3,GetById,200,OK,Web Service Employee 1-32,text,true,,155,347,1,1,https://localhost:5001/api/Employee/GetEmployeeById?Id=1,3,0,0
1648542654396,6,GetDetails,200,OK,Web Service Employee 1-32,text,true,,200,350,1,1,https://localhost:5001/api/Employee/GetEmployeeDetails?Id=1,6,0,0
1648542654402,3,GetById,200,OK,Web Service Employee 1-32,text,true,,155,347,1,1,https://localhost:5001/api/Employee/GetEmployeeById?Id=1,3,0,0
1648542654406,3,GetDetails,200,OK,Web Service Employee 1-32,text,true,,200,350,1,1,https://localhost:5001/api/Employee/GetEmployeeDetails?Id=1,3,0,0
1648542654409,7,GetById,200,OK,Web Service Employee 1-32,text,true,,155,347,1,1,https://localhost:5001/api/Employee/GetEmployeeById?Id=1,7,0,0
1648542654417,5,GetDetails,200,OK,Web Service Employee 1-32,text,true,,200,350,1,1,https://localhost:5001/api/Employee/GetEmployeeDetails?Id=1,5,0,0
1648542654423,4,GetById,200,OK,Web Service Employee 1-32,text,true,,155,347,1,1,https://localhost:5001/api/Employee/GetEmployeeById?Id=1,4,0,0
1648542654428,12,GetDetails,200,OK,Web Service Employee 1-32,text,true,,200,350,1,1,https://localhost:5001/api/Employee/GetEmployeeDetails?Id=1,12,0,0
1648542656351,53,GetById,200,OK,Web Service Employee 1-33,text,true,,155,347,1,1,https://localhost:5001/api/Employee/GetEmployeeById?Id=1,52,0,44
1648542656404,5,GetDetails,200,OK,Web Service Employee 1-33,text,true,,200,350,1,1,https://localhost:5001/api/Employee/GetEmployeeDetails?Id=1,4,0,0
1648542656409,5,GetById,200,OK,Web Service Employee 1-33,text,true,,155,347,1,1,https://localhost:5001/api/Employee/GetEmployeeById?Id=1,4,0,0
1648542656414,5,GetDetails,200,OK,Web Service Employee 1-33,text,true,,200,350,1,1,https://localhost:5001/api/Employee/GetEmployeeDetails?Id=1,5,0,0
1648542656420,3,GetById,200,OK,Web Service Employee 1-33,text,true,,155,347,1,1,https://localhost:5001/api/Employee/GetEmployeeById?Id=1,3,0,0
1648542656424,4,GetDetails,200,OK,Web Service Employee 1-33,text,true,,200,350,1,1,https://localhost:5001/api/Employee/GetEmployeeDetails?Id=1,3,0,0
1648542656428,8,GetById,200,OK,Web Service Employee 1-33,text,true,,155,347,1,1,https://localhost:5001/api/Employee/GetEmployeeById?Id=1,8,0,0
1648542656436,5,GetDetails,200,OK,Web Service Employee 1-33,text,true,,200,350,1,1,https://localhost:5001/api/Employee/GetEmployeeDetails?Id=1,5,0,0
1648542656441,5,GetById,200,OK,Web Service Employee 1-33,text,true,,155,347,1,1,https://localhost:5001/api/Employee/GetEmployeeById?Id=1,5,0,0
1648542656446,7,GetDetails,200,OK,Web Service Employee 1-33,text,true,,200,350,1,1,https://localhost:5001/api/Employee/GetEmployeeDetails?Id=1,7,0,0
1648542656453,4,GetById,200,OK,Web Service Employee 1-33,text,true,,155,347,1,1,https://localhost:5001/api/Employee/GetEmployeeById?Id=1,4,0,0
1648542656458,6,GetDetails,200,OK,Web Service Employee 1-33,text,true,,200,350,1,1,https://localhost:5001/api/Employee/GetEmployeeDetails?Id=1,6,0,0
1648542658341,32,GetById,200,OK,Web Service Employee 1-34,text,true,,155,347,1,1,https://localhost:5001/api/Employee/GetEmployeeById?Id=1,32,0,27
1648542658373,4,GetDetails,200,OK,Web Service Employee 1-34,text,true,,200,350,1,1,https://localhost:5001/api/Employee/GetEmployeeDetails?Id=1,4,0,0
1648542658377,4,GetById,200,OK,Web Service Employee 1-34,text,true,,155,347,1,1,https://localhost:5001/api/Employee/GetEmployeeById?Id=1,4,0,0
1648542658381,6,GetDetails,200,OK,Web Service Employee 1-34,text,true,,200,350,1,1,https://localhost:5001/api/Employee/GetEmployeeDetails?Id=1,5,0,0
1648542658387,3,GetById,200,OK,Web Service Employee 1-34,text,true,,155,347,1,1,https://localhost:5001/api/Employee/GetEmployeeById?Id=1,3,0,0
1648542658390,3,GetDetails,200,OK,Web Service Employee 1-34,text,true,,200,350,1,1,https://localhost:5001/api/Employee/GetEmployeeDetails?Id=1,3,0,0
1648542658394,3,GetById,200,OK,Web Service Employee 1-34,text,true,,155,347,1,1,https://localhost:5001/api/Employee/GetEmployeeById?Id=1,3,0,0
1648542658397,7,GetDetails,200,OK,Web Service Employee 1-34,text,true,,200,350,1,1,https://localhost:5001/api/Employee/GetEmployeeDetails?Id=1,7,0,0
1648542658405,3,GetById,200,OK,Web Service Employee 1-34,text,true,,155,347,1,1,https://localhost:5001/api/Employee/GetEmployeeById?Id=1,3,0,0
1648542658408,4,GetDetails,200,OK,Web Service Employee 1-34,text,true,,200,350,1,1,https://localhost:5001/api/Employee/GetEmployeeDetails?Id=1,4,0,0
1648542658412,5,GetById,200,OK,Web Service Employee 1-34,text,true,,155,347,1,1,https://localhost:5001/api/Employee/GetEmployeeById?Id=1,5,0,0
1648542658418,3,GetDetails,200,OK,Web Service Employee 1-34,text,true,,200,350,1,1,https://localhost:5001/api/Employee/GetEmployeeDetails?Id=1,3,0,0
1648542660340,47,GetById,200,OK,Web Service Employee 1-35,text,true,,155,347,1,1,https://localhost:5001/api/Employee/GetEmployeeById?Id=1,46,0,39
1648542660390,4,GetDetails,200,OK,Web Service Employee 1-35,text,true,,200,350,1,1,https://localhost:5001/api/Employee/GetEmployeeDetails?Id=1,4,0,0
1648542660394,5,GetById,200,OK,Web Service Employee 1-35,text,true,,155,347,1,1,https://localhost:5001/api/Employee/GetEmployeeById?Id=1,5,0,0
1648542660399,7,GetDetails,200,OK,Web Service Employee 1-35,text,true,,200,350,1,1,https://localhost:5001/api/Employee/GetEmployeeDetails?Id=1,7,0,0
1648542660407,5,GetById,200,OK,Web Service Employee 1-35,text,true,,155,347,1,1,https://localhost:5001/api/Employee/GetEmployeeById?Id=1,4,0,0
1648542660412,7,GetDetails,200,OK,Web Service Employee 1-35,text,true,,200,350,1,1,https://localhost:5001/api/Employee/GetEmployeeDetails?Id=1,7,0,0
1648542660419,3,GetById,200,OK,Web Service Employee 1-35,text,true,,155,347,1,1,https://localhost:5001/api/Employee/GetEmployeeById?Id=1,3,0,0
1648542660423,3,GetDetails,200,OK,Web Service Employee 1-35,text,true,,200,350,1,1,https://localhost:5001/api/Employee/GetEmployeeDetails?Id=1,3,0,0
1648542660426,3,GetById,200,OK,Web Service Employee 1-35,text,true,,155,347,1,1,https://localhost:5001/api/Employee/GetEmployeeById?Id=1,3,0,0
1648542660430,4,GetDetails,200,OK,Web Service Employee 1-35,text,true,,200,350,1,1,https://localhost:5001/api/Employee/GetEmployeeDetails?Id=1,4,0,0
1648542660435,5,GetById,200,OK,Web Service Employee 1-35,text,true,,155,347,1,1,https://localhost:5001/api/Employee/GetEmployeeById?Id=1,5,0,0
1648542660440,4,GetDetails,200,OK,Web Service Employee 1-35,text,true,,200,350,1,1,https://localhost:5001/api/Employee/GetEmployeeDetails?Id=1,4,0,0
1648542662338,40,GetById,200,OK,Web Service Employee 1-36,text,true,,155,347,1,1,https://localhost:5001/api/Employee/GetEmployeeById?Id=1,40,0,37
1648542662379,4,GetDetails,200,OK,Web Service Employee 1-36,text,true,,200,350,1,1,https://localhost:5001/api/Employee/GetEmployeeDetails?Id=1,3,0,0
1648542662384,4,GetById,200,OK,Web Service Employee 1-36,text,true,,155,347,1,1,https://localhost:5001/api/Employee/GetEmployeeById?Id=1,4,0,0
1648542662389,3,GetDetails,200,OK,Web Service Employee 1-36,text,true,,200,350,1,1,https://localhost:5001/api/Employee/GetEmployeeDetails?Id=1,3,0,0
1648542662392,4,GetById,200,OK,Web Service Employee 1-36,text,true,,155,347,1,1,https://localhost:5001/api/Employee/GetEmployeeById?Id=1,4,0,0
1648542662397,8,GetDetails,200,OK,Web Service Employee 1-36,text,true,,200,350,1,1,https://localhost:5001/api/Employee/GetEmployeeDetails?Id=1,8,0,0
1648542662406,3,GetById,200,OK,Web Service Employee 1-36,text,true,,155,347,1,1,https://localhost:5001/api/Employee/GetEmployeeById?Id=1,3,0,0
1648542662410,3,GetDetails,200,OK,Web Service Employee 1-36,text,true,,200,350,1,1,https://localhost:5001/api/Employee/GetEmployeeDetails?Id=1,3,0,0
1648542662413,5,GetById,200,OK,Web Service Employee 1-36,text,true,,155,347,1,1,https://localhost:5001/api/Employee/GetEmployeeById?Id=1,5,0,0
1648542662419,3,GetDetails,200,OK,Web Service Employee 1-36,text,true,,200,350,1,1,https://localhost:5001/api/Employee/GetEmployeeDetails?Id=1,3,0,0
1648542662422,4,GetById,200,OK,Web Service Employee 1-36,text,true,,155,347,1,1,https://localhost:5001/api/Employee/GetEmployeeById?Id=1,4,0,0
1648542662426,3,GetDetails,200,OK,Web Service Employee 1-36,text,true,,200,350,1,1,https://localhost:5001/api/Employee/GetEmployeeDetails?Id=1,3,0,0
1648542664336,37,GetById,200,OK,Web Service Employee 1-37,text,true,,155,347,1,1,https://localhost:5001/api/Employee/GetEmployeeById?Id=1,37,0,33
1648542664374,3,GetDetails,200,OK,Web Service Employee 1-37,text,true,,200,350,1,1,https://localhost:5001/api/Employee/GetEmployeeDetails?Id=1,3,0,0
1648542664377,4,GetById,200,OK,Web Service Employee 1-37,text,true,,155,347,1,1,https://localhost:5001/api/Employee/GetEmployeeById?Id=1,4,0,0
1648542664382,4,GetDetails,200,OK,Web Service Employee 1-37,text,true,,200,350,1,1,https://localhost:5001/api/Employee/GetEmployeeDetails?Id=1,4,0,0
1648542664386,3,GetById,200,OK,Web Service Employee 1-37,text,true,,155,347,1,1,https://localhost:5001/api/Employee/GetEmployeeById?Id=1,3,0,0
1648542664390,3,GetDetails,200,OK,Web Service Employee 1-37,text,true,,200,350,1,1,https://localhost:5001/api/Employee/GetEmployeeDetails?Id=1,3,0,0
1648542664393,4,GetById,200,OK,Web Service Employee 1-37,text,true,,155,347,1,1,https://localhost:5001/api/Employee/GetEmployeeById?Id=1,4,0,0
1648542664398,6,GetDetails,200,OK,Web Service Employee 1-37,text,true,,200,350,1,1,https://localhost:5001/api/Employee/GetEmployeeDetails?Id=1,6,0,0
1648542664404,4,GetById,200,OK,Web Service Employee 1-37,text,true,,155,347,1,1,https://localhost:5001/api/Employee/GetEmployeeById?Id=1,4,0,0
1648542664408,3,GetDetails,200,OK,Web Service Employee 1-37,text,true,,200,350,1,1,https://localhost:5001/api/Employee/GetEmployeeDetails?Id=1,3,0,0
1648542664412,4,GetById,200,OK,Web Service Employee 1-37,text,true,,155,347,1,1,https://localhost:5001/api/Employee/GetEmployeeById?Id=1,4,0,0
1648542664416,4,GetDetails,200,OK,Web Service Employee 1-37,text,true,,200,350,1,1,https://localhost:5001/api/Employee/GetEmployeeDetails?Id=1,3,0,0
1648542666336,30,GetById,200,OK,Web Service Employee 1-38,text,true,,155,347,1,1,https://localhost:5001/api/Employee/GetEmployeeById?Id=1,30,0,26
1648542666366,4,GetDetails,200,OK,Web Service Employee 1-38,text,true,,200,350,1,1,https://localhost:5001/api/Employee/GetEmployeeDetails?Id=1,4,0,0
1648542666371,3,GetById,200,OK,Web Service Employee 1-38,text,true,,155,347,1,1,https://localhost:5001/api/Employee/GetEmployeeById?Id=1,3,0,0
1648542666375,3,GetDetails,200,OK,Web Service Employee 1-38,text,true,,200,350,1,1,https://localhost:5001/api/Employee/GetEmployeeDetails?Id=1,3,0,0
1648542666378,6,GetById,200,OK,Web Service Employee 1-38,text,true,,155,347,1,1,https://localhost:5001/api/Employee/GetEmployeeById?Id=1,5,0,0
1648542666384,3,GetDetails,200,OK,Web Service Employee 1-38,text,true,,200,350,1,1,https://localhost:5001/api/Employee/GetEmployeeDetails?Id=1,3,0,0
1648542666388,2,GetById,200,OK,Web Service Employee 1-38,text,true,,155,347,1,1,https://localhost:5001/api/Employee/GetEmployeeById?Id=1,2,0,0
1648542666391,3,GetDetails,200,OK,Web Service Employee 1-38,text,true,,200,350,1,1,https://localhost:5001/api/Employee/GetEmployeeDetails?Id=1,2,0,0
1648542666394,4,GetById,200,OK,Web Service Employee 1-38,text,true,,155,347,1,1,https://localhost:5001/api/Employee/GetEmployeeById?Id=1,4,0,0
1648542666399,4,GetDetails,200,OK,Web Service Employee 1-38,text,true,,200,350,1,1,https://localhost:5001/api/Employee/GetEmployeeDetails?Id=1,4,0,0
1648542666404,3,GetById,200,OK,Web Service Employee 1-38,text,true,,155,347,1,1,https://localhost:5001/api/Employee/GetEmployeeById?Id=1,3,0,0
1648542666407,4,GetDetails,200,OK,Web Service Employee 1-38,text,true,,200,350,1,1,https://localhost:5001/api/Employee/GetEmployeeDetails?Id=1,3,0,0
1648542668357,66,GetById,200,OK,Web Service Employee 1-39,text,true,,155,347,1,1,https://localhost:5001/api/Employee/GetEmployeeById?Id=1,66,0,56
1648542668424,8,GetDetails,200,OK,Web Service Employee 1-39,text,true,,200,350,1,1,https://localhost:5001/api/Employee/GetEmployeeDetails?Id=1,8,0,0
1648542668434,4,GetById,200,OK,Web Service Employee 1-39,text,true,,155,347,1,1,https://localhost:5001/api/Employee/GetEmployeeById?Id=1,4,0,0
1648542668439,4,GetDetails,200,OK,Web Service Employee 1-39,text,true,,200,350,1,1,https://localhost:5001/api/Employee/GetEmployeeDetails?Id=1,4,0,0
1648542668443,10,GetById,200,OK,Web Service Employee 1-39,text,true,,155,347,1,1,https://localhost:5001/api/Employee/GetEmployeeById?Id=1,10,0,0
1648542668453,3,GetDetails,200,OK,Web Service Employee 1-39,text,true,,200,350,1,1,https://localhost:5001/api/Employee/GetEmployeeDetails?Id=1,3,0,0
1648542668457,3,GetById,200,OK,Web Service Employee 1-39,text,true,,155,347,1,1,https://localhost:5001/api/Employee/GetEmployeeById?Id=1,3,0,0
1648542668461,5,GetDetails,200,OK,Web Service Employee 1-39,text,true,,200,350,1,1,https://localhost:5001/api/Employee/GetEmployeeDetails?Id=1,5,0,0
1648542668467,3,GetById,200,OK,Web Service Employee 1-39,text,true,,155,347,1,1,https://localhost:5001/api/Employee/GetEmployeeById?Id=1,3,0,0
1648542668470,3,GetDetails,200,OK,Web Service Employee 1-39,text,true,,200,350,1,1,https://localhost:5001/api/Employee/GetEmployeeDetails?Id=1,3,0,0
1648542668473,3,GetById,200,OK,Web Service Employee 1-39,text,true,,155,347,1,1,https://localhost:5001/api/Employee/GetEmployeeById?Id=1,3,0,0
1648542668477,2,GetDetails,200,OK,Web Service Employee 1-39,text,true,,200,350,1,1,https://localhost:5001/api/Employee/GetEmployeeDetails?Id=1,2,0,0
1648542670360,49,GetById,200,OK,Web Service Employee 1-40,text,true,,155,347,1,1,https://localhost:5001/api/Employee/GetEmployeeById?Id=1,49,0,36
1648542670409,6,GetDetails,200,OK,Web Service Employee 1-40,text,true,,200,350,1,1,https://localhost:5001/api/Employee/GetEmployeeDetails?Id=1,5,0,0
1648542670415,12,GetById,200,OK,Web Service Employee 1-40,text,true,,155,347,1,1,https://localhost:5001/api/Employee/GetEmployeeById?Id=1,12,0,0
1648542670428,11,GetDetails,200,OK,Web Service Employee 1-40,text,true,,200,350,1,1,https://localhost:5001/api/Employee/GetEmployeeDetails?Id=1,11,0,0
1648542670442,7,GetById,200,OK,Web Service Employee 1-40,text,true,,155,347,1,1,https://localhost:5001/api/Employee/GetEmployeeById?Id=1,7,0,0
1648542670450,11,GetDetails,200,OK,Web Service Employee 1-40,text,true,,200,350,1,1,https://localhost:5001/api/Employee/GetEmployeeDetails?Id=1,11,0,0
1648542670461,7,GetById,200,OK,Web Service Employee 1-40,text,true,,155,347,1,1,https://localhost:5001/api/Employee/GetEmployeeById?Id=1,7,0,0
1648542670470,7,GetDetails,200,OK,Web Service Employee 1-40,text,true,,200,350,1,1,https://localhost:5001/api/Employee/GetEmployeeDetails?Id=1,7,0,0
1648542670477,5,GetById,200,OK,Web Service Employee 1-40,text,true,,155,347,1,1,https://localhost:5001/api/Employee/GetEmployeeById?Id=1,5,0,0
1648542670482,6,GetDetails,200,OK,Web Service Employee 1-40,text,true,,200,350,1,1,https://localhost:5001/api/Employee/GetEmployeeDetails?Id=1,6,0,0
1648542670489,5,GetById,200,OK,Web Service Employee 1-40,text,true,,155,347,1,1,https://localhost:5001/api/Employee/GetEmployeeById?Id=1,4,0,0
1648542670494,4,GetDetails,200,OK,Web Service Employee 1-40,text,true,,200,350,1,1,https://localhost:5001/api/Employee/GetEmployeeDetails?Id=1,4,0,0
1648542672352,35,GetById,200,OK,Web Service Employee 1-41,text,true,,155,347,1,1,https://localhost:5001/api/Employee/GetEmployeeById?Id=1,35,0,30
1648542672387,4,GetDetails,200,OK,Web Service Employee 1-41,text,true,,200,350,1,1,https://localhost:5001/api/Employee/GetEmployeeDetails?Id=1,3,0,0
1648542672391,3,GetById,200,OK,Web Service Employee 1-41,text,true,,155,347,1,1,https://localhost:5001/api/Employee/GetEmployeeById?Id=1,3,0,0
1648542672394,8,GetDetails,200,OK,Web Service Employee 1-41,text,true,,200,350,1,1,https://localhost:5001/api/Employee/GetEmployeeDetails?Id=1,8,0,0
1648542672403,3,GetById,200,OK,Web Service Employee 1-41,text,true,,155,347,1,1,https://localhost:5001/api/Employee/GetEmployeeById?Id=1,3,0,0
1648542672406,3,GetDetails,200,OK,Web Service Employee 1-41,text,true,,200,350,1,1,https://localhost:5001/api/Employee/GetEmployeeDetails?Id=1,3,0,0
1648542672410,3,GetById,200,OK,Web Service Employee 1-41,text,true,,155,347,1,1,https://localhost:5001/api/Employee/GetEmployeeById?Id=1,3,0,0
1648542672413,5,GetDetails,200,OK,Web Service Employee 1-41,text,true,,200,350,1,1,https://localhost:5001/api/Employee/GetEmployeeDetails?Id=1,5,0,0
1648542672418,3,GetById,200,OK,Web Service Employee 1-41,text,true,,155,347,1,1,https://localhost:5001/api/Employee/GetEmployeeById?Id=1,3,0,0
1648542672422,3,GetDetails,200,OK,Web Service Employee 1-41,text,true,,200,350,1,1,https://localhost:5001/api/Employee/GetEmployeeDetails?Id=1,3,0,0
1648542672425,3,GetById,200,OK,Web Service Employee 1-41,text,true,,155,347,1,1,https://localhost:5001/api/Employee/GetEmployeeById?Id=1,3,0,0
1648542672429,7,GetDetails,200,OK,Web Service Employee 1-41,text,true,,200,350,1,1,https://localhost:5001/api/Employee/GetEmployeeDetails?Id=1,7,0,0
1648542674355,69,GetById,200,OK,Web Service Employee 1-42,text,true,,155,347,1,1,https://localhost:5001/api/Employee/GetEmployeeById?Id=1,69,0,54
1648542674425,6,GetDetails,200,OK,Web Service Employee 1-42,text,true,,200,350,1,1,https://localhost:5001/api/Employee/GetEmployeeDetails?Id=1,6,0,0
1648542674433,12,GetById,200,OK,Web Service Employee 1-42,text,true,,155,347,1,1,https://localhost:5001/api/Employee/GetEmployeeById?Id=1,12,0,0
1648542674446,13,GetDetails,200,OK,Web Service Employee 1-42,text,true,,200,350,1,1,https://localhost:5001/api/Employee/GetEmployeeDetails?Id=1,13,0,0
1648542674459,12,GetById,200,OK,Web Service Employee 1-42,text,true,,155,347,1,1,https://localhost:5001/api/Employee/GetEmployeeById?Id=1,11,0,0
1648542674471,5,GetDetails,200,OK,Web Service Employee 1-42,text,true,,200,350,1,1,https://localhost:5001/api/Employee/GetEmployeeDetails?Id=1,5,0,0
1648542674477,4,GetById,200,OK,Web Service Employee 1-42,text,true,,155,347,1,1,https://localhost:5001/api/Employee/GetEmployeeById?Id=1,3,0,0
1648542674483,4,GetDetails,200,OK,Web Service Employee 1-42,text,true,,200,350,1,1,https://localhost:5001/api/Employee/GetEmployeeDetails?Id=1,4,0,0
1648542674488,3,GetById,200,OK,Web Service Employee 1-42,text,true,,155,347,1,1,https://localhost:5001/api/Employee/GetEmployeeById?Id=1,3,0,0
1648542674491,4,GetDetails,200,OK,Web Service Employee 1-42,text,true,,200,350,1,1,https://localhost:5001/api/Employee/GetEmployeeDetails?Id=1,4,0,0
1648542674495,8,GetById,200,OK,Web Service Employee 1-42,text,true,,155,347,1,1,https://localhost:5001/api/Employee/GetEmployeeById?Id=1,7,0,0
1648542674503,4,GetDetails,200,OK,Web Service Employee 1-42,text,true,,200,350,1,1,https://localhost:5001/api/Employee/GetEmployeeDetails?Id=1,4,0,0
1648542676351,49,GetById,200,OK,Web Service Employee 1-43,text,true,,155,347,1,1,https://localhost:5001/api/Employee/GetEmployeeById?Id=1,48,0,38
1648542676400,56,GetDetails,200,OK,Web Service Employee 1-43,text,true,,200,350,1,1,https://localhost:5001/api/Employee/GetEmployeeDetails?Id=1,56,0,0
1648542676457,4,GetById,200,OK,Web Service Employee 1-43,text,true,,155,347,1,1,https://localhost:5001/api/Employee/GetEmployeeById?Id=1,4,0,0
1648542676461,5,GetDetails,200,OK,Web Service Employee 1-43,text,true,,200,350,1,1,https://localhost:5001/api/Employee/GetEmployeeDetails?Id=1,5,0,0
1648542676467,5,GetById,200,OK,Web Service Employee 1-43,text,true,,155,347,1,1,https://localhost:5001/api/Employee/GetEmployeeById?Id=1,5,0,0
1648542676473,6,GetDetails,200,OK,Web Service Employee 1-43,text,true,,200,350,1,1,https://localhost:5001/api/Employee/GetEmployeeDetails?Id=1,6,0,0
1648542676480,9,GetById,200,OK,Web Service Employee 1-43,text,true,,155,347,1,1,https://localhost:5001/api/Employee/GetEmployeeById?Id=1,9,0,0
1648542676491,37,GetDetails,200,OK,Web Service Employee 1-43,text,true,,200,350,1,1,https://localhost:5001/api/Employee/GetEmployeeDetails?Id=1,36,0,0
1648542676530,7,GetById,200,OK,Web Service Employee 1-43,text,true,,155,347,1,1,https://localhost:5001/api/Employee/GetEmployeeById?Id=1,7,0,0
1648542676538,4,GetDetails,200,OK,Web Service Employee 1-43,text,true,,200,350,1,1,https://localhost:5001/api/Employee/GetEmployeeDetails?Id=1,4,0,0
1648542676543,15,GetById,200,OK,Web Service Employee 1-43,text,true,,155,347,1,1,https://localhost:5001/api/Employee/GetEmployeeById?Id=1,15,0,0
1648542676558,7,GetDetails,200,OK,Web Service Employee 1-43,text,true,,200,350,1,1,https://localhost:5001/api/Employee/GetEmployeeDetails?Id=1,6,0,0
1648542678350,28,GetById,200,OK,Web Service Employee 1-44,text,true,,155,347,1,1,https://localhost:5001/api/Employee/GetEmployeeById?Id=1,28,0,24
1648542678379,7,GetDetails,200,OK,Web Service Employee 1-44,text,true,,200,350,1,1,https://localhost:5001/api/Employee/GetEmployeeDetails?Id=1,7,0,0
1648542678386,4,GetById,200,OK,Web Service Employee 1-44,text,true,,155,347,1,1,https://localhost:5001/api/Employee/GetEmployeeById?Id=1,4,0,0
1648542678391,5,GetDetails,200,OK,Web Service Employee 1-44,text,true,,200,350,1,1,https://localhost:5001/api/Employee/GetEmployeeDetails?Id=1,5,0,0
1648542678397,3,GetById,200,OK,Web Service Employee 1-44,text,true,,155,347,1,1,https://localhost:5001/api/Employee/GetEmployeeById?Id=1,3,0,0
1648542678401,3,GetDetails,200,OK,Web Service Employee 1-44,text,true,,200,350,1,1,https://localhost:5001/api/Employee/GetEmployeeDetails?Id=1,3,0,0
1648542678404,5,GetById,200,OK,Web Service Employee 1-44,text,true,,155,347,1,1,https://localhost:5001/api/Employee/GetEmployeeById?Id=1,5,0,0
1648542678410,3,GetDetails,200,OK,Web Service Employee 1-44,text,true,,200,350,1,1,https://localhost:5001/api/Employee/GetEmployeeDetails?Id=1,3,0,0
1648542678414,4,GetById,200,OK,Web Service Employee 1-44,text,true,,155,347,1,1,https://localhost:5001/api/Employee/GetEmployeeById?Id=1,4,0,0
1648542678419,3,GetDetails,200,OK,Web Service Employee 1-44,text,true,,200,350,1,1,https://localhost:5001/api/Employee/GetEmployeeDetails?Id=1,3,0,0
1648542678422,4,GetById,200,OK,Web Service Employee 1-44,text,true,,155,347,1,1,https://localhost:5001/api/Employee/GetEmployeeById?Id=1,4,0,0
1648542678426,3,GetDetails,200,OK,Web Service Employee 1-44,text,true,,200,350,1,1,https://localhost:5001/api/Employee/GetEmployeeDetails?Id=1,3,0,0
1648542680376,201,GetById,200,OK,Web Service Employee 1-45,text,true,,155,347,1,1,https://localhost:5001/api/Employee/GetEmployeeById?Id=1,201,0,192
1648542680578,34,GetDetails,200,OK,Web Service Employee 1-45,text,true,,200,350,1,1,https://localhost:5001/api/Employee/GetEmployeeDetails?Id=1,33,0,0
1648542680613,14,GetById,200,OK,Web Service Employee 1-45,text,true,,155,347,1,1,https://localhost:5001/api/Employee/GetEmployeeById?Id=1,14,0,0
1648542680628,15,GetDetails,200,OK,Web Service Employee 1-45,text,true,,200,350,1,1,https://localhost:5001/api/Employee/GetEmployeeDetails?Id=1,15,0,0
1648542680644,21,GetById,200,OK,Web Service Employee 1-45,text,true,,155,347,1,1,https://localhost:5001/api/Employee/GetEmployeeById?Id=1,20,0,0
1648542680666,21,GetDetails,200,OK,Web Service Employee 1-45,text,true,,200,350,1,1,https://localhost:5001/api/Employee/GetEmployeeDetails?Id=1,21,0,0
1648542680688,15,GetById,200,OK,Web Service Employee 1-45,text,true,,155,347,1,1,https://localhost:5001/api/Employee/GetEmployeeById?Id=1,15,0,0
1648542680703,13,GetDetails,200,OK,Web Service Employee 1-45,text,true,,200,350,1,1,https://localhost:5001/api/Employee/GetEmployeeDetails?Id=1,13,0,0
1648542680717,19,GetById,200,OK,Web Service Employee 1-45,text,true,,155,347,1,1,https://localhost:5001/api/Employee/GetEmployeeById?Id=1,19,0,0
1648542680737,6,GetDetails,200,OK,Web Service Employee 1-45,text,true,,200,350,1,1,https://localhost:5001/api/Employee/GetEmployeeDetails?Id=1,6,0,0
1648542680744,16,GetById,200,OK,Web Service Employee 1-45,text,true,,155,347,1,1,https://localhost:5001/api/Employee/GetEmployeeById?Id=1,16,0,0
1648542680761,10,GetDetails,200,OK,Web Service Employee 1-45,text,true,,200,350,1,1,https://localhost:5001/api/Employee/GetEmployeeDetails?Id=1,9,0,0
1648542682386,176,GetById,200,OK,Web Service Employee 1-46,text,true,,155,347,1,1,https://localhost:5001/api/Employee/GetEmployeeById?Id=1,176,0,140
1648542682562,14,GetDetails,200,OK,Web Service Employee 1-46,text,true,,200,350,1,1,https://localhost:5001/api/Employee/GetEmployeeDetails?Id=1,14,0,0
1648542682577,10,GetById,200,OK,Web Service Employee 1-46,text,true,,155,347,1,1,https://localhost:5001/api/Employee/GetEmployeeById?Id=1,10,0,0
1648542682588,5,GetDetails,200,OK,Web Service Employee 1-46,text,true,,200,350,1,1,https://localhost:5001/api/Employee/GetEmployeeDetails?Id=1,5,0,0
1648542682594,10,GetById,200,OK,Web Service Employee 1-46,text,true,,155,347,1,1,https://localhost:5001/api/Employee/GetEmployeeById?Id=1,10,0,0
1648542682605,38,GetDetails,200,OK,Web Service Employee 1-46,text,true,,200,350,1,1,https://localhost:5001/api/Employee/GetEmployeeDetails?Id=1,38,0,0
1648542682644,68,GetById,200,OK,Web Service Employee 1-46,text,true,,155,347,1,1,https://localhost:5001/api/Employee/GetEmployeeById?Id=1,68,0,0
1648542682713,25,GetDetails,200,OK,Web Service Employee 1-46,text,true,,200,350,1,1,https://localhost:5001/api/Employee/GetEmployeeDetails?Id=1,25,0,0
1648542682739,9,GetById,200,OK,Web Service Employee 1-46,text,true,,155,347,1,1,https://localhost:5001/api/Employee/GetEmployeeById?Id=1,9,0,0
1648542682750,8,GetDetails,200,OK,Web Service Employee 1-46,text,true,,200,350,1,1,https://localhost:5001/api/Employee/GetEmployeeDetails?Id=1,8,0,0
1648542682758,4,GetById,200,OK,Web Service Employee 1-46,text,true,,155,347,1,1,https://localhost:5001/api/Employee/GetEmployeeById?Id=1,4,0,0
1648542682763,5,GetDetails,200,OK,Web Service Employee 1-46,text,true,,200,350,1,1,https://localhost:5001/api/Employee/GetEmployeeDetails?Id=1,5,0,0
1648542684427,183,GetById,200,OK,Web Service Employee 1-47,text,true,,155,347,1,1,https://localhost:5001/api/Employee/GetEmployeeById?Id=1,183,0,151
1648542684611,37,GetDetails,200,OK,Web Service Employee 1-47,text,true,,200,350,1,1,https://localhost:5001/api/Employee/GetEmployeeDetails?Id=1,36,0,0
1648542684648,23,GetById,200,OK,Web Service Employee 1-47,text,true,,155,347,1,1,https://localhost:5001/api/Employee/GetEmployeeById?Id=1,22,0,0
1648542684672,57,GetDetails,200,OK,Web Service Employee 1-47,text,true,,200,350,1,1,https://localhost:5001/api/Employee/GetEmployeeDetails?Id=1,56,0,0
1648542684729,15,GetById,200,OK,Web Service Employee 1-47,text,true,,155,347,1,1,https://localhost:5001/api/Employee/GetEmployeeById?Id=1,14,0,0
1648542684744,134,GetDetails,200,OK,Web Service Employee 1-47,text,true,,200,350,1,1,https://localhost:5001/api/Employee/GetEmployeeDetails?Id=1,134,0,0
1648542684879,249,GetById,200,OK,Web Service Employee 1-47,text,true,,155,347,1,1,https://localhost:5001/api/Employee/GetEmployeeById?Id=1,249,0,0
1648542685128,153,GetDetails,200,OK,Web Service Employee 1-47,text,true,,200,350,1,1,https://localhost:5001/api/Employee/GetEmployeeDetails?Id=1,153,0,0
1648542685282,41,GetById,200,OK,Web Service Employee 1-47,text,true,,155,347,1,1,https://localhost:5001/api/Employee/GetEmployeeById?Id=1,41,0,0
1648542685323,17,GetDetails,200,OK,Web Service Employee 1-47,text,true,,200,350,1,1,https://localhost:5001/api/Employee/GetEmployeeDetails?Id=1,17,0,0
1648542685341,37,GetById,200,OK,Web Service Employee 1-47,text,true,,155,347,1,1,https://localhost:5001/api/Employee/GetEmployeeById?Id=1,37,0,0
1648542685379,22,GetDetails,200,OK,Web Service Employee 1-47,text,true,,200,350,1,1,https://localhost:5001/api/Employee/GetEmployeeDetails?Id=1,21,0,0
1648542686350,83,GetById,200,OK,Web Service Employee 1-48,text,true,,155,347,1,1,https://localhost:5001/api/Employee/GetEmployeeById?Id=1,83,0,63
1648542686434,52,GetDetails,200,OK,Web Service Employee 1-48,text,true,,200,350,1,1,https://localhost:5001/api/Employee/GetEmployeeDetails?Id=1,51,0,0
1648542686486,35,GetById,200,OK,Web Service Employee 1-48,text,true,,155,347,1,1,https://localhost:5001/api/Employee/GetEmployeeById?Id=1,34,0,0
1648542686521,48,GetDetails,200,OK,Web Service Employee 1-48,text,true,,200,350,1,1,https://localhost:5001/api/Employee/GetEmployeeDetails?Id=1,47,0,0
1648542686569,67,GetById,200,OK,Web Service Employee 1-48,text,true,,155,347,1,1,https://localhost:5001/api/Employee/GetEmployeeById?Id=1,67,0,0
1648542686637,39,GetDetails,200,OK,Web Service Employee 1-48,text,true,,200,350,1,1,https://localhost:5001/api/Employee/GetEmployeeDetails?Id=1,39,0,0
1648542686677,78,GetById,200,OK,Web Service Employee 1-48,text,true,,155,347,1,1,https://localhost:5001/api/Employee/GetEmployeeById?Id=1,77,0,0
1648542686755,19,GetDetails,200,OK,Web Service Employee 1-48,text,true,,200,350,1,1,https://localhost:5001/api/Employee/GetEmployeeDetails?Id=1,19,0,0
1648542686775,24,GetById,200,OK,Web Service Employee 1-48,text,true,,155,347,1,1,https://localhost:5001/api/Employee/GetEmployeeById?Id=1,24,0,0
1648542686800,8,GetDetails,200,OK,Web Service Employee 1-48,text,true,,200,350,1,1,https://localhost:5001/api/Employee/GetEmployeeDetails?Id=1,7,0,0
1648542686808,4,GetById,200,OK,Web Service Employee 1-48,text,true,,155,347,1,1,https://localhost:5001/api/Employee/GetEmployeeById?Id=1,3,0,0
1648542686812,10,GetDetails,200,OK,Web Service Employee 1-48,text,true,,200,350,1,1,https://localhost:5001/api/Employee/GetEmployeeDetails?Id=1,10,0,0
1648542688352,40,GetById,200,OK,Web Service Employee 1-49,text,true,,155,347,1,1,https://localhost:5001/api/Employee/GetEmployeeById?Id=1,40,0,37
1648542688392,3,GetDetails,200,OK,Web Service Employee 1-49,text,true,,200,350,1,1,https://localhost:5001/api/Employee/GetEmployeeDetails?Id=1,3,0,0
1648542688396,6,GetById,200,OK,Web Service Employee 1-49,text,true,,155,347,1,1,https://localhost:5001/api/Employee/GetEmployeeById?Id=1,6,0,0
1648542688403,3,GetDetails,200,OK,Web Service Employee 1-49,text,true,,200,350,1,1,https://localhost:5001/api/Employee/GetEmployeeDetails?Id=1,3,0,0
1648542688407,3,GetById,200,OK,Web Service Employee 1-49,text,true,,155,347,1,1,https://localhost:5001/api/Employee/GetEmployeeById?Id=1,3,0,0
1648542688410,5,GetDetails,200,OK,Web Service Employee 1-49,text,true,,200,350,1,1,https://localhost:5001/api/Employee/GetEmployeeDetails?Id=1,5,0,0
1648542688415,3,GetById,200,OK,Web Service Employee 1-49,text,true,,155,347,1,1,https://localhost:5001/api/Employee/GetEmployeeById?Id=1,3,0,0
1648542688419,3,GetDetails,200,OK,Web Service Employee 1-49,text,true,,200,350,1,1,https://localhost:5001/api/Employee/GetEmployeeDetails?Id=1,3,0,0
1648542688422,4,GetById,200,OK,Web Service Employee 1-49,text,true,,155,347,1,1,https://localhost:5001/api/Employee/GetEmployeeById?Id=1,4,0,0
1648542688426,3,GetDetails,200,OK,Web Service Employee 1-49,text,true,,200,350,1,1,https://localhost:5001/api/Employee/GetEmployeeDetails?Id=1,3,0,0
1648542688430,7,GetById,200,OK,Web Service Employee 1-49,text,true,,155,347,1,1,https://localhost:5001/api/Employee/GetEmployeeById?Id=1,7,0,0
1648542688437,4,GetDetails,200,OK,Web Service Employee 1-49,text,true,,200,350,1,1,https://localhost:5001/api/Employee/GetEmployeeDetails?Id=1,4,0,0
1648542690339,31,GetById,200,OK,Web Service Employee 1-50,text,true,,155,347,1,1,https://localhost:5001/api/Employee/GetEmployeeById?Id=1,31,0,28
1648542690372,3,GetDetails,200,OK,Web Service Employee 1-50,text,true,,200,350,1,1,https://localhost:5001/api/Employee/GetEmployeeDetails?Id=1,3,0,0
1648542690376,2,GetById,200,OK,Web Service Employee 1-50,text,true,,155,347,1,1,https://localhost:5001/api/Employee/GetEmployeeById?Id=1,2,0,0
1648542690379,4,GetDetails,200,OK,Web Service Employee 1-50,text,true,,200,350,1,1,https://localhost:5001/api/Employee/GetEmployeeDetails?Id=1,4,0,0
1648542690384,2,GetById,200,OK,Web Service Employee 1-50,text,true,,155,347,1,1,https://localhost:5001/api/Employee/GetEmployeeById?Id=1,2,0,0
1648542690387,2,GetDetails,200,OK,Web Service Employee 1-50,text,true,,200,350,1,1,https://localhost:5001/api/Employee/GetEmployeeDetails?Id=1,2,0,0
1648542690390,2,GetById,200,OK,Web Service Employee 1-50,text,true,,155,347,1,1,https://localhost:5001/api/Employee/GetEmployeeById?Id=1,2,0,0
1648542690393,3,GetDetails,200,OK,Web Service Employee 1-50,text,true,,200,350,1,1,https://localhost:5001/api/Employee/GetEmployeeDetails?Id=1,3,0,0
1648542690396,5,GetById,200,OK,Web Service Employee 1-50,text,true,,155,347,1,1,https://localhost:5001/api/Employee/GetEmployeeById?Id=1,5,0,0
1648542690402,2,GetDetails,200,OK,Web Service Employee 1-50,text,true,,200,350,1,1,https://localhost:5001/api/Employee/GetEmployeeDetails?Id=1,2,0,0
1648542690405,3,GetById,200,OK,Web Service Employee 1-50,text,true,,155,347,1,1,https://localhost:5001/api/Employee/GetEmployeeById?Id=1,2,0,0
1648542690408,3,GetDetails,200,OK,Web Service Employee 1-50,text,true,,200,350,1,1,https://localhost:5001/api/Employee/GetEmployeeDetails?Id=1,3,0,0
